nohup: 忽略输入
==================================================================
[2026-09-09 22:22:16] RQ3 FULL SUITE start (args=<none>)
==================================================================

############################################################
# [2026-09-09 22:22:16] START  mode=all  args=<none>
############################################################
══════════════════════════════════════════════════════════
  RQ3 Performance Experiment Launcher
══════════════════════════════════════════════════════════
[1/7] 清理旧进程和挂载...
[2/7] 准备目录...
[3/7] 构建 benchmark 程序...
make: 进入目录“/home/xht/桌面/penumbra-work/RQ2/speculative_shadow/experiments/rq3/benchmarks”
make: 对“all”无需做任何事。
make: 离开目录“/home/xht/桌面/penumbra-work/RQ2/speculative_shadow/experiments/rq3/benchmarks”
  Done
  FUSE passthrough: ON（单 epoch 开销轴：内核直读 backing fd）
[4/7] 启动 ShadowFS...
  ShadowFS PID=3242 OK
  FUSE 挂载: /tmp/shadow-rq2-test/mnt OK
[5/7] 启动 ShadowProc...
  ShadowProc PID=3315 OK
[6/7] 启动 Orchestrator...
  Orchestrator PID=3341 OK
  Socket: /tmp/shadow-orch.sock OK
  Orchestrator 连接测试: OK
[7/7] 运行 RQ3 实验...


######################################################################
  WORKLOAD W1 [noop] (repeats=1000)
######################################################################
  [harness] Starting W1 [noop] repeats=1000
  [harness]   Measuring raw execution ...
  [harness]   raw progress: 200/1000
  [harness]   raw progress: 400/1000
  [harness]   raw progress: 600/1000
  [harness]   raw progress: 800/1000
  [harness]   raw progress: 1000/1000
  [harness]   Measuring spec (commit) ...
  [harness]   spec(commit) progress: 200/1000
  [harness]   spec(commit) progress: 400/1000
  [harness]   spec(commit) progress: 600/1000
  [harness]   spec(commit) progress: 800/1000
  [harness]   spec(commit) progress: 1000/1000
  [harness]   Measuring spec (rollback) ...
  [harness]   spec(rollback) progress: 200/1000
  [harness]   spec(rollback) progress: 400/1000
  [harness]   spec(rollback) progress: 600/1000
  [harness]   spec(rollback) progress: 800/1000
  [harness]   spec(rollback) progress: 1000/1000
  [harness]   Done in 41.7s

######################################################################
  WORKLOAD W2 [10ms] (repeats=1000)
######################################################################
  [harness] Starting W2 [10ms] repeats=1000
  [harness]   Measuring raw execution ...
  [harness]   raw progress: 200/1000
  [harness]   raw progress: 400/1000
  [harness]   raw progress: 600/1000
  [harness]   raw progress: 800/1000
  [harness]   raw progress: 1000/1000
  [harness]   Measuring spec (commit) ...
  [harness]   spec(commit) progress: 200/1000
  [harness]   spec(commit) progress: 400/1000
  [harness]   spec(commit) progress: 600/1000
  [harness]   spec(commit) progress: 800/1000
  [harness]   spec(commit) progress: 1000/1000
  [harness]   Measuring spec (rollback) ...
  [harness]   spec(rollback) progress: 200/1000
  [harness]   spec(rollback) progress: 400/1000
  [harness]   spec(rollback) progress: 600/1000
  [harness]   spec(rollback) progress: 800/1000
  [harness]   spec(rollback) progress: 1000/1000
  [harness]   Done in 72.6s

######################################################################
  WORKLOAD W2 [100ms] (repeats=1000)
######################################################################
  [harness] Starting W2 [100ms] repeats=1000
  [harness]   Measuring raw execution ...
  [harness]   raw progress: 200/1000
  [harness]   raw progress: 400/1000
  [harness]   raw progress: 600/1000
  [harness]   raw progress: 800/1000
  [harness]   raw progress: 1000/1000
  [harness]   Measuring spec (commit) ...
  [harness]   spec(commit) progress: 200/1000
  [harness]   spec(commit) progress: 400/1000
  [harness]   spec(commit) progress: 600/1000
  [harness]   spec(commit) progress: 800/1000
  [harness]   spec(commit) progress: 1000/1000
  [harness]   Measuring spec (rollback) ...
  [harness]   spec(rollback) progress: 200/1000
  [harness]   spec(rollback) progress: 400/1000
  [harness]   spec(rollback) progress: 600/1000
  [harness]   spec(rollback) progress: 800/1000
  [harness]   spec(rollback) progress: 1000/1000
  [harness]   Done in 361.5s

######################################################################
  WORKLOAD W2 [1000ms] (repeats=1000)
######################################################################
  [harness] Starting W2 [1000ms] repeats=1000
  [harness]   Measuring raw execution ...
  [harness]   raw progress: 200/1000
  [harness]   raw progress: 400/1000
  [harness]   raw progress: 600/1000
  [harness]   raw progress: 800/1000
  [harness]   raw progress: 1000/1000
  [harness]   Measuring spec (commit) ...
  [harness]   spec(commit) progress: 200/1000
  [harness]   spec(commit) progress: 400/1000
  [harness]   spec(commit) progress: 600/1000
  [harness]   spec(commit) progress: 800/1000
  [harness]   spec(commit) progress: 1000/1000
  [harness]   Measuring spec (rollback) ...
  [harness]   spec(rollback) progress: 200/1000
  [harness]   spec(rollback) progress: 400/1000
  [harness]   spec(rollback) progress: 600/1000
  [harness]   spec(rollback) progress: 800/1000
  [harness]   spec(rollback) progress: 1000/1000
  [harness]   Done in 3118.0s

######################################################################
  WORKLOAD W3a [read_4KiB] (repeats=200)
######################################################################
  [harness] Starting W3a [read_4KiB] repeats=200
  [harness]   Measuring raw execution ...
  [harness]   raw progress: 40/200
  [harness]   raw progress: 80/200
  [harness]   raw progress: 120/200
  [harness]   raw progress: 160/200
  [harness]   raw progress: 200/200
  [harness]   Measuring spec (commit) ...
  [harness]   spec(commit) progress: 40/200
  [harness]   spec(commit) progress: 80/200
  [harness]   spec(commit) progress: 120/200
  [harness]   spec(commit) progress: 160/200
  [harness]   spec(commit) progress: 200/200
  [harness]   Measuring spec (rollback) ...
  [harness]   spec(rollback) progress: 40/200
  [harness]   spec(rollback) progress: 80/200
  [harness]   spec(rollback) progress: 120/200
  [harness]   spec(rollback) progress: 160/200
  [harness]   spec(rollback) progress: 200/200
  [harness]   Done in 9.7s

######################################################################
  WORKLOAD W3a [read_1MiB] (repeats=200)
######################################################################
  [harness] Starting W3a [read_1MiB] repeats=200
  [harness]   Measuring raw execution ...
  [harness]   raw progress: 40/200
  [harness]   raw progress: 80/200
  [harness]   raw progress: 120/200
  [harness]   raw progress: 160/200
  [harness]   raw progress: 200/200
  [harness]   Measuring spec (commit) ...
  [harness]   spec(commit) progress: 40/200
  [harness]   spec(commit) progress: 80/200
  [harness]   spec(commit) progress: 120/200
  [harness]   spec(commit) progress: 160/200
  [harness]   spec(commit) progress: 200/200
  [harness]   Measuring spec (rollback) ...
  [harness]   spec(rollback) progress: 40/200
  [harness]   spec(rollback) progress: 80/200
  [harness]   spec(rollback) progress: 120/200
  [harness]   spec(rollback) progress: 160/200
  [harness]   spec(rollback) progress: 200/200
  [harness]   Done in 10.2s

######################################################################
  WORKLOAD W3a [read_64MiB] (repeats=200)
######################################################################
  [harness] Starting W3a [read_64MiB] repeats=200
  [harness]   Measuring raw execution ...
  [harness]   raw progress: 40/200
  [harness]   raw progress: 80/200
  [harness]   raw progress: 120/200
  [harness]   raw progress: 160/200
  [harness]   raw progress: 200/200
  [harness]   Measuring spec (commit) ...
  [harness]   spec(commit) progress: 40/200
  [harness]   spec(commit) progress: 80/200
  [harness]   spec(commit) progress: 120/200
  [harness]   spec(commit) progress: 160/200
  [harness]   spec(commit) progress: 200/200
  [harness]   Measuring spec (rollback) ...
  [harness]   spec(rollback) progress: 40/200
  [harness]   spec(rollback) progress: 80/200
  [harness]   spec(rollback) progress: 120/200
  [harness]   spec(rollback) progress: 160/200
  [harness]   spec(rollback) progress: 200/200
  [harness]   Done in 23.5s

######################################################################
  WORKLOAD W3b [repeat_read_1MiB_x100] (repeats=200)
######################################################################
  [harness] Starting W3b [repeat_read_1MiB_x100] repeats=200
  [harness]   Measuring raw execution ...
  [harness]   raw progress: 40/200
  [harness]   raw progress: 80/200
  [harness]   raw progress: 120/200
  [harness]   raw progress: 160/200
  [harness]   raw progress: 200/200
  [harness]   Measuring spec (commit) ...
  [harness]   spec(commit) progress: 40/200
  [harness]   spec(commit) progress: 80/200
  [harness]   spec(commit) progress: 120/200
  [harness]   spec(commit) progress: 160/200
  [harness]   spec(commit) progress: 200/200
  [harness]   Measuring spec (rollback) ...
  [harness]   spec(rollback) progress: 40/200
  [harness]   spec(rollback) progress: 80/200
  [harness]   spec(rollback) progress: 120/200
  [harness]   spec(rollback) progress: 160/200
  [harness]   spec(rollback) progress: 200/200
  [harness]   Done in 33.4s

######################################################################
  WORKLOAD W4 [new_4KiB] (repeats=200)
######################################################################
  [harness] Starting W4 [new_4KiB] repeats=200
  [harness]   Measuring raw execution ...
  [harness]   raw progress: 40/200
  [harness]   raw progress: 80/200
  [harness]   raw progress: 120/200
  [harness]   raw progress: 160/200
  [harness]   raw progress: 200/200
  [harness]   Measuring spec (commit) ...
  [harness]   spec(commit) progress: 40/200
  [harness]   spec(commit) progress: 80/200
  [harness]   spec(commit) progress: 120/200
  [harness]   spec(commit) progress: 160/200
  [harness]   spec(commit) progress: 200/200
  [harness]   Measuring spec (rollback) ...
  [harness]   spec(rollback) progress: 40/200
  [harness]   spec(rollback) progress: 80/200
  [harness]   spec(rollback) progress: 120/200
  [harness]   spec(rollback) progress: 160/200
  [harness]   spec(rollback) progress: 200/200
  [harness]   Done in 10.8s

######################################################################
  WORKLOAD W4 [new_1MiB] (repeats=200)
######################################################################
  [harness] Starting W4 [new_1MiB] repeats=200
  [harness]   Measuring raw execution ...
  [harness]   raw progress: 40/200
  [harness]   raw progress: 80/200
  [harness]   raw progress: 120/200
  [harness]   raw progress: 160/200
  [harness]   raw progress: 200/200
  [harness]   Measuring spec (commit) ...
  [harness]   spec(commit) progress: 40/200
  [harness]   spec(commit) progress: 80/200
  [harness]   spec(commit) progress: 120/200
  [harness]   spec(commit) progress: 160/200
  [harness]   spec(commit) progress: 200/200
  [harness]   Measuring spec (rollback) ...
  [harness]   spec(rollback) progress: 40/200
  [harness]   spec(rollback) progress: 80/200
  [harness]   spec(rollback) progress: 120/200
  [harness]   spec(rollback) progress: 160/200
  [harness]   spec(rollback) progress: 200/200
  [harness]   Done in 11.4s

######################################################################
  WORKLOAD W4 [new_16MiB] (repeats=200)
######################################################################
  [harness] Starting W4 [new_16MiB] repeats=200
  [harness]   Measuring raw execution ...
  [harness]   raw progress: 40/200
  [harness]   raw progress: 80/200
  [harness]   raw progress: 120/200
  [harness]   raw progress: 160/200
  [harness]   raw progress: 200/200
  [harness]   Measuring spec (commit) ...
  [harness]   spec(commit) progress: 40/200
  [harness]   spec(commit) progress: 80/200
  [harness]   spec(commit) progress: 120/200
  [harness]   spec(commit) progress: 160/200
  [harness]   spec(commit) progress: 200/200
  [harness]   Measuring spec (rollback) ...
  [harness]   spec(rollback) progress: 40/200
  [harness]   spec(rollback) progress: 80/200
  [harness]   spec(rollback) progress: 120/200
  [harness]   spec(rollback) progress: 160/200
  [harness]   spec(rollback) progress: 200/200
  [harness]   Done in 20.5s

######################################################################
  WORKLOAD W5 [overwrite4K_orig4KiB] (repeats=200)
######################################################################
  [harness] Starting W5 [overwrite4K_orig4KiB] repeats=200
  [harness]   Measuring raw execution ...
  [harness]   raw progress: 40/200
  [harness]   raw progress: 80/200
  [harness]   raw progress: 120/200
  [harness]   raw progress: 160/200
  [harness]   raw progress: 200/200
  [harness]   Measuring spec (commit) ...
  [harness]   spec(commit) progress: 40/200
  [harness]   spec(commit) progress: 80/200
  [harness]   spec(commit) progress: 120/200
  [harness]   spec(commit) progress: 160/200
  [harness]   spec(commit) progress: 200/200
  [harness]   Measuring spec (rollback) ...
  [harness]   spec(rollback) progress: 40/200
  [harness]   spec(rollback) progress: 80/200
  [harness]   spec(rollback) progress: 120/200
  [harness]   spec(rollback) progress: 160/200
  [harness]   spec(rollback) progress: 200/200
  [harness]   Done in 10.7s

######################################################################
  WORKLOAD W5 [overwrite4K_orig1MiB] (repeats=200)
######################################################################
  [harness] Starting W5 [overwrite4K_orig1MiB] repeats=200
  [harness]   Measuring raw execution ...
  [harness]   raw progress: 40/200
  [harness]   raw progress: 80/200
  [harness]   raw progress: 120/200
  [harness]   raw progress: 160/200
  [harness]   raw progress: 200/200
  [harness]   Measuring spec (commit) ...
  [harness]   spec(commit) progress: 40/200
  [harness]   spec(commit) progress: 80/200
  [harness]   spec(commit) progress: 120/200
  [harness]   spec(commit) progress: 160/200
  [harness]   spec(commit) progress: 200/200
  [harness]   Measuring spec (rollback) ...
  [harness]   spec(rollback) progress: 40/200
  [harness]   spec(rollback) progress: 80/200
  [harness]   spec(rollback) progress: 120/200
  [harness]   spec(rollback) progress: 160/200
  [harness]   spec(rollback) progress: 200/200
  [harness]   Done in 12.6s

######################################################################
  WORKLOAD W5 [overwrite4K_orig16MiB] (repeats=200)
######################################################################
  [harness] Starting W5 [overwrite4K_orig16MiB] repeats=200
  [harness]   Measuring raw execution ...
  [harness]   raw progress: 40/200
  [harness]   raw progress: 80/200
  [harness]   raw progress: 120/200
  [harness]   raw progress: 160/200
  [harness]   raw progress: 200/200
  [harness]   Measuring spec (commit) ...
  [harness]   spec(commit) progress: 40/200
  [harness]   spec(commit) progress: 80/200
  [harness]   spec(commit) progress: 120/200
  [harness]   spec(commit) progress: 160/200
  [harness]   spec(commit) progress: 200/200
  [harness]   Measuring spec (rollback) ...
  [harness]   spec(rollback) progress: 40/200
  [harness]   spec(rollback) progress: 80/200
  [harness]   spec(rollback) progress: 120/200
  [harness]   spec(rollback) progress: 160/200
  [harness]   spec(rollback) progress: 200/200
  [harness]   Done in 37.2s

######################################################################
  WORKLOAD W6 [writes_x1] (repeats=200)
######################################################################
  [harness] Starting W6 [writes_x1] repeats=200
  [harness]   Measuring raw execution ...
  [harness]   raw progress: 40/200
  [harness]   raw progress: 80/200
  [harness]   raw progress: 120/200
  [harness]   raw progress: 160/200
  [harness]   raw progress: 200/200
  [harness]   Measuring spec (commit) ...
  [harness]   spec(commit) progress: 40/200
  [harness]   spec(commit) progress: 80/200
  [harness]   spec(commit) progress: 120/200
  [harness]   spec(commit) progress: 160/200
  [harness]   spec(commit) progress: 200/200
  [harness]   Measuring spec (rollback) ...
  [harness]   spec(rollback) progress: 40/200
  [harness]   spec(rollback) progress: 80/200
  [harness]   spec(rollback) progress: 120/200
  [harness]   spec(rollback) progress: 160/200
  [harness]   spec(rollback) progress: 200/200
  [harness]   Done in 23.4s

######################################################################
  WORKLOAD W6 [writes_x10] (repeats=200)
######################################################################
  [harness] Starting W6 [writes_x10] repeats=200
  [harness]   Measuring raw execution ...
  [harness]   raw progress: 40/200
  [harness]   raw progress: 80/200
  [harness]   raw progress: 120/200
  [harness]   raw progress: 160/200
  [harness]   raw progress: 200/200
  [harness]   Measuring spec (commit) ...
  [harness]   spec(commit) progress: 40/200
  [harness]   spec(commit) progress: 80/200
  [harness]   spec(commit) progress: 120/200
  [harness]   spec(commit) progress: 160/200
  [harness]   spec(commit) progress: 200/200
  [harness]   Measuring spec (rollback) ...
  [harness]   spec(rollback) progress: 40/200
  [harness]   spec(rollback) progress: 80/200
  [harness]   spec(rollback) progress: 120/200
  [harness]   spec(rollback) progress: 160/200
  [harness]   spec(rollback) progress: 200/200
  [harness]   Done in 31.0s

######################################################################
  WORKLOAD W6 [writes_x100] (repeats=200)
######################################################################
  [harness] Starting W6 [writes_x100] repeats=200
  [harness]   Measuring raw execution ...
  [harness]   raw progress: 40/200
  [harness]   raw progress: 80/200
  [harness]   raw progress: 120/200
  [harness]   raw progress: 160/200
  [harness]   raw progress: 200/200
  [harness]   Measuring spec (commit) ...
  [harness]   spec(commit) progress: 40/200
  [harness]   spec(commit) progress: 80/200
  [harness]   spec(commit) progress: 120/200
  [harness]   spec(commit) progress: 160/200
  [harness]   spec(commit) progress: 200/200
  [harness]   Measuring spec (rollback) ...
  [harness]   spec(rollback) progress: 40/200
  [harness]   spec(rollback) progress: 80/200
  [harness]   spec(rollback) progress: 120/200
  [harness]   spec(rollback) progress: 160/200
  [harness]   spec(rollback) progress: 200/200
  [harness]   Done in 26.6s

######################################################################
  WORKLOAD W6 [writes_x1000] (repeats=200)
######################################################################
  [harness] Starting W6 [writes_x1000] repeats=200
  [harness]   Measuring raw execution ...
  [harness]   raw progress: 40/200
  [harness]   raw progress: 80/200
  [harness]   raw progress: 120/200
  [harness]   raw progress: 160/200
  [harness]   raw progress: 200/200
  [harness]   Measuring spec (commit) ...
  [harness]   spec(commit) progress: 40/200
  [harness]   spec(commit) progress: 80/200
  [harness]   spec(commit) progress: 120/200
  [harness]   spec(commit) progress: 160/200
  [harness]   spec(commit) progress: 200/200
  [harness]   Measuring spec (rollback) ...
  [harness]   spec(rollback) progress: 40/200
  [harness]   spec(rollback) progress: 80/200
  [harness]   spec(rollback) progress: 120/200
  [harness]   spec(rollback) progress: 160/200
  [harness]   spec(rollback) progress: 200/200
  [harness]   Done in 38.2s

######################################################################
  WORKLOAD W7 [files_x1] (repeats=100)
######################################################################
  [harness] Starting W7 [files_x1] repeats=100
  [harness]   Measuring raw execution ...
  [harness]   raw progress: 20/100
  [harness]   raw progress: 40/100
  [harness]   raw progress: 60/100
  [harness]   raw progress: 80/100
  [harness]   raw progress: 100/100
  [harness]   Measuring spec (commit) ...
  [harness]   spec(commit) progress: 20/100
  [harness]   spec(commit) progress: 40/100
  [harness]   spec(commit) progress: 60/100
  [harness]   spec(commit) progress: 80/100
  [harness]   spec(commit) progress: 100/100
  [harness]   Measuring spec (rollback) ...
  [harness]   spec(rollback) progress: 20/100
  [harness]   spec(rollback) progress: 40/100
  [harness]   spec(rollback) progress: 60/100
  [harness]   spec(rollback) progress: 80/100
  [harness]   spec(rollback) progress: 100/100
  [harness]   Done in 12.8s

######################################################################
  WORKLOAD W7 [files_x10] (repeats=100)
######################################################################
  [harness] Starting W7 [files_x10] repeats=100
  [harness]   Measuring raw execution ...
  [harness]   raw progress: 20/100
  [harness]   raw progress: 40/100
  [harness]   raw progress: 60/100
  [harness]   raw progress: 80/100
  [harness]   raw progress: 100/100
  [harness]   Measuring spec (commit) ...
  [harness]   spec(commit) progress: 20/100
  [harness]   spec(commit) progress: 40/100
  [harness]   spec(commit) progress: 60/100
  [harness]   spec(commit) progress: 80/100
  [harness]   spec(commit) progress: 100/100
  [harness]   Measuring spec (rollback) ...
  [harness]   spec(rollback) progress: 20/100
  [harness]   spec(rollback) progress: 40/100
  [harness]   spec(rollback) progress: 60/100
  [harness]   spec(rollback) progress: 80/100
  [harness]   spec(rollback) progress: 100/100
  [harness]   Done in 15.6s

######################################################################
  WORKLOAD W7 [files_x100] (repeats=100)
######################################################################
  [harness] Starting W7 [files_x100] repeats=100
  [harness]   Measuring raw execution ...
  [harness]   raw progress: 20/100
  [harness]   raw progress: 40/100
  [harness]   raw progress: 60/100
  [harness]   raw progress: 80/100
  [harness]   raw progress: 100/100
  [harness]   Measuring spec (commit) ...
  [harness]   spec(commit) progress: 20/100
  [harness]   spec(commit) progress: 40/100
  [harness]   spec(commit) progress: 60/100
  [harness]   spec(commit) progress: 80/100
  [harness]   spec(commit) progress: 100/100
  [harness]   Measuring spec (rollback) ...
  [harness]   spec(rollback) progress: 20/100
  [harness]   spec(rollback) progress: 40/100
  [harness]   spec(rollback) progress: 60/100
  [harness]   spec(rollback) progress: 80/100
  [harness]   spec(rollback) progress: 100/100
  [harness]   Done in 61.3s

######################################################################
  WORKLOAD W7 [files_x500] (repeats=100)
######################################################################
  [harness] Starting W7 [files_x500] repeats=100
  [harness]   Measuring raw execution ...
  [harness]   raw progress: 20/100
  [harness]   raw progress: 40/100
  [harness]   raw progress: 60/100
  [harness]   raw progress: 80/100
  [harness]   raw progress: 100/100
  [harness]   Measuring spec (commit) ...
  [harness]   spec(commit) progress: 20/100
  [harness]   spec(commit) progress: 40/100
  [harness]   spec(commit) progress: 60/100
  [harness]   spec(commit) progress: 80/100
  [harness]   spec(commit) progress: 100/100
  [harness]   Measuring spec (rollback) ...
  [harness]   spec(rollback) progress: 20/100
  [harness]   spec(rollback) progress: 40/100
  [harness]   spec(rollback) progress: 60/100
  [harness]   spec(rollback) progress: 80/100
  [harness]   spec(rollback) progress: 100/100
  [harness]   Done in 333.9s

######################################################################
  WORKLOAD W8 [rename_x1] (repeats=100)
######################################################################
  [harness] Starting W8 [rename_x1] repeats=100
  [harness]   Measuring raw execution ...
  [harness]   raw progress: 20/100
  [harness]   raw progress: 40/100
  [harness]   raw progress: 60/100
  [harness]   raw progress: 80/100
  [harness]   raw progress: 100/100
  [harness]   Measuring spec (commit) ...
  [harness]   spec(commit) progress: 20/100
  [harness]   spec(commit) progress: 40/100
  [harness]   spec(commit) progress: 60/100
  [harness]   spec(commit) progress: 80/100
  [harness]   spec(commit) progress: 100/100
  [harness]   Measuring spec (rollback) ...
  [harness]   spec(rollback) progress: 20/100
  [harness]   spec(rollback) progress: 40/100
  [harness]   spec(rollback) progress: 60/100
  [harness]   spec(rollback) progress: 80/100
  [harness]   spec(rollback) progress: 100/100
  [harness]   Done in 8.9s

######################################################################
  WORKLOAD W8 [rename_x10] (repeats=100)
######################################################################
  [harness] Starting W8 [rename_x10] repeats=100
  [harness]   Measuring raw execution ...
  [harness]   raw progress: 20/100
  [harness]   raw progress: 40/100
  [harness]   raw progress: 60/100
  [harness]   raw progress: 80/100
  [harness]   raw progress: 100/100
  [harness]   Measuring spec (commit) ...
  [harness]   spec(commit) progress: 20/100
  [harness]   spec(commit) progress: 40/100
  [harness]   spec(commit) progress: 60/100
  [harness]   spec(commit) progress: 80/100
  [harness]   spec(commit) progress: 100/100
  [harness]   Measuring spec (rollback) ...
  [harness]   spec(rollback) progress: 20/100
  [harness]   spec(rollback) progress: 40/100
  [harness]   spec(rollback) progress: 60/100
  [harness]   spec(rollback) progress: 80/100
  [harness]   spec(rollback) progress: 100/100
  [harness]   Done in 11.4s

######################################################################
  WORKLOAD W8 [rename_x100] (repeats=100)
######################################################################
  [harness] Starting W8 [rename_x100] repeats=100
  [harness]   Measuring raw execution ...
  [harness]   raw progress: 20/100
  [harness]   raw progress: 40/100
  [harness]   raw progress: 60/100
  [harness]   raw progress: 80/100
  [harness]   raw progress: 100/100
  [harness]   Measuring spec (commit) ...
  [harness]   spec(commit) progress: 20/100
  [harness]   spec(commit) progress: 40/100
  [harness]   spec(commit) progress: 60/100
  [harness]   spec(commit) progress: 80/100
  [harness]   spec(commit) progress: 100/100
  [harness]   Measuring spec (rollback) ...
  [harness]   spec(rollback) progress: 20/100
  [harness]   spec(rollback) progress: 40/100
  [harness]   spec(rollback) progress: 60/100
  [harness]   spec(rollback) progress: 80/100
  [harness]   spec(rollback) progress: 100/100
  [harness]   Done in 16.6s

######################################################################
  WORKLOAD W8 [rename_x500] (repeats=100)
######################################################################
  [harness] Starting W8 [rename_x500] repeats=100
  [harness]   Measuring raw execution ...
  [harness]   raw progress: 20/100
  [harness]   raw progress: 40/100
  [harness]   raw progress: 60/100
  [harness]   raw progress: 80/100
  [harness]   raw progress: 100/100
  [harness]   Measuring spec (commit) ...
  [harness]   spec(commit) progress: 20/100
  [harness]   spec(commit) progress: 40/100
  [harness]   spec(commit) progress: 60/100
  [harness]   spec(commit) progress: 80/100
  [harness]   spec(commit) progress: 100/100
  [harness]   Measuring spec (rollback) ...
  [harness]   spec(rollback) progress: 20/100
  [harness]   spec(rollback) progress: 40/100
  [harness]   spec(rollback) progress: 60/100
  [harness]   spec(rollback) progress: 80/100
  [harness]   spec(rollback) progress: 100/100
  [harness]   Done in 61.0s

######################################################################
  WORKLOAD W9a [single_1KiB] (repeats=200)
######################################################################
  [harness] Starting W9a [single_1KiB] repeats=200
  [harness]   Measuring raw execution ...
  [harness]   raw progress: 40/200
  [harness]   raw progress: 80/200
  [harness]   raw progress: 120/200
  [harness]   raw progress: 160/200
  [harness]   raw progress: 200/200
  [harness]   Measuring spec (commit) ...
  [harness]   spec(commit) progress: 40/200
  [harness]   spec(commit) progress: 80/200
  [harness]   spec(commit) progress: 120/200
  [harness]   spec(commit) progress: 160/200
  [harness]   spec(commit) progress: 200/200
  [harness]   Measuring spec (rollback) ...
  [harness]   spec(rollback) progress: 40/200
  [harness]   spec(rollback) progress: 80/200
  [harness]   spec(rollback) progress: 120/200
  [harness]   spec(rollback) progress: 160/200
  [harness]   spec(rollback) progress: 200/200
  [harness]   Done in 230.5s

######################################################################
  WORKLOAD W9a [single_10KiB] (repeats=200)
######################################################################
  [harness] Starting W9a [single_10KiB] repeats=200
  [harness]   Measuring raw execution ...
  [harness]   raw progress: 40/200
  [harness]   raw progress: 80/200
  [harness]   raw progress: 120/200
  [harness]   raw progress: 160/200
  [harness]   raw progress: 200/200
  [harness]   Measuring spec (commit) ...
  [harness]   spec(commit) progress: 40/200
  [harness]   spec(commit) progress: 80/200
  [harness]   spec(commit) progress: 120/200
  [harness]   spec(commit) progress: 160/200
  [harness]   spec(commit) progress: 200/200
  [harness]   Measuring spec (rollback) ...
  [harness]   spec(rollback) progress: 40/200
  [harness]   spec(rollback) progress: 80/200
  [harness]   spec(rollback) progress: 120/200
  [harness]   spec(rollback) progress: 160/200
  [harness]   spec(rollback) progress: 200/200
  [harness]   Done in 234.8s

######################################################################
  WORKLOAD W9a [single_100KiB] (repeats=200)
######################################################################
  [harness] Starting W9a [single_100KiB] repeats=200
  [harness]   Measuring raw execution ...
  [harness]   raw progress: 40/200
  [harness]   raw progress: 80/200
  [harness]   raw progress: 120/200
  [harness]   raw progress: 160/200
  [harness]   raw progress: 200/200
  [harness]   Measuring spec (commit) ...
  [harness]   spec(commit) progress: 40/200
  [harness]   spec(commit) progress: 80/200
  [harness]   spec(commit) progress: 120/200
  [harness]   spec(commit) progress: 160/200
  [harness]   spec(commit) progress: 200/200
  [harness]   Measuring spec (rollback) ...
  [harness]   spec(rollback) progress: 40/200
  [harness]   spec(rollback) progress: 80/200
  [harness]   spec(rollback) progress: 120/200
  [harness]   spec(rollback) progress: 160/200
  [harness]   spec(rollback) progress: 200/200
  [harness]   Done in 235.9s

######################################################################
  WORKLOAD W9a [single_1MiB] (repeats=200)
######################################################################
  [harness] Starting W9a [single_1MiB] repeats=200
  [harness]   Measuring raw execution ...
  [harness]   raw progress: 40/200
  [harness]   raw progress: 80/200
  [harness]   raw progress: 120/200
  [harness]   raw progress: 160/200
  [harness]   raw progress: 200/200
  [harness]   Measuring spec (commit) ...
  [harness]   spec(commit) progress: 40/200
  [harness]   spec(commit) progress: 80/200
  [harness]   spec(commit) progress: 120/200
  [harness]   spec(commit) progress: 160/200
  [harness]   spec(commit) progress: 200/200
  [harness]   Measuring spec (rollback) ...
  [harness]   spec(rollback) progress: 40/200
  [harness]   spec(rollback) progress: 80/200
  [harness]   spec(rollback) progress: 120/200
  [harness]   spec(rollback) progress: 160/200
  [harness]   spec(rollback) progress: 200/200
  [harness]   Done in 250.4s

######################################################################
  WORKLOAD W9b [entries_x10] (repeats=200)
######################################################################
  [harness] Starting W9b [entries_x10] repeats=200
  [harness]   Measuring raw execution ...
  [harness]   raw progress: 40/200
  [harness]   raw progress: 80/200
  [harness]   raw progress: 120/200
  [harness]   raw progress: 160/200
  [harness]   raw progress: 200/200
  [harness]   Measuring spec (commit) ...
  [harness]   spec(commit) progress: 40/200
  [harness]   spec(commit) progress: 80/200
  [harness]   spec(commit) progress: 120/200
  [harness]   spec(commit) progress: 160/200
  [harness]   spec(commit) progress: 200/200
  [harness]   Measuring spec (rollback) ...
  [harness]   spec(rollback) progress: 40/200
  [harness]   spec(rollback) progress: 80/200
  [harness]   spec(rollback) progress: 120/200
  [harness]   spec(rollback) progress: 160/200
  [harness]   spec(rollback) progress: 200/200
  [harness]   Done in 250.0s

######################################################################
  WORKLOAD W9b [entries_x100] (repeats=200)
######################################################################
  [harness] Starting W9b [entries_x100] repeats=200
  [harness]   Measuring raw execution ...
  [harness]   raw progress: 40/200
  [harness]   raw progress: 80/200
  [harness]   raw progress: 120/200
  [harness]   raw progress: 160/200
  [harness]   raw progress: 200/200
  [harness]   Measuring spec (commit) ...
  [harness]   spec(commit) progress: 40/200
  [harness]   spec(commit) progress: 80/200
  [harness]   spec(commit) progress: 120/200
  [harness]   spec(commit) progress: 160/200
  [harness]   spec(commit) progress: 200/200
  [harness]   Measuring spec (rollback) ...
  [harness]   spec(rollback) progress: 40/200
  [harness]   spec(rollback) progress: 80/200
  [harness]   spec(rollback) progress: 120/200
  [harness]   spec(rollback) progress: 160/200
  [harness]   spec(rollback) progress: 200/200
  [harness]   Done in 298.7s

######################################################################
  WORKLOAD W9b [entries_x1000] (repeats=200)
######################################################################
  [harness] Starting W9b [entries_x1000] repeats=200
  [harness]   Measuring raw execution ...
  [harness]   raw progress: 40/200
  [harness]   raw progress: 80/200
  [harness]   raw progress: 120/200
  [harness]   raw progress: 160/200
  [harness]   raw progress: 200/200
  [harness]   Measuring spec (commit) ...
  [harness]   spec(commit) progress: 40/200
  [harness]   spec(commit) progress: 80/200
  [harness]   spec(commit) progress: 120/200
  [harness]   spec(commit) progress: 160/200
  [harness]   spec(commit) progress: 200/200
  [harness]   Measuring spec (rollback) ...
  [harness]   spec(rollback) progress: 40/200
  [harness]   spec(rollback) progress: 80/200
  [harness]   spec(rollback) progress: 120/200
  [harness]   spec(rollback) progress: 160/200
  [harness]   spec(rollback) progress: 200/200
  [harness]   Done in 796.4s

######################################################################
  WORKLOAD W10 [mem_16MiB] (repeats=50)
######################################################################
  [harness] Starting W10 [mem_16MiB] repeats=50
  [harness]   Measuring raw execution ...
  [harness]   raw progress: 10/50
  [harness]   raw progress: 20/50
  [harness]   raw progress: 30/50
  [harness]   raw progress: 40/50
  [harness]   raw progress: 50/50
  [harness]   Measuring spec (commit) ...
  [harness]   spec(commit) progress: 10/50
  [harness]   spec(commit) progress: 20/50
  [harness]   spec(commit) progress: 30/50
  [harness]   spec(commit) progress: 40/50
  [harness]   spec(commit) progress: 50/50
  [harness]   Measuring spec (rollback) ...
  [harness]   spec(rollback) progress: 10/50
  [harness]   spec(rollback) progress: 20/50
  [harness]   spec(rollback) progress: 30/50
  [harness]   spec(rollback) progress: 40/50
  [harness]   spec(rollback) progress: 50/50
  [harness]   Done in 76.3s

######################################################################
  WORKLOAD W10 [mem_64MiB] (repeats=50)
######################################################################
  [harness] Starting W10 [mem_64MiB] repeats=50
  [harness]   Measuring raw execution ...
  [harness]   raw progress: 10/50
  [harness]   raw progress: 20/50
  [harness]   raw progress: 30/50
  [harness]   raw progress: 40/50
  [harness]   raw progress: 50/50
  [harness]   Measuring spec (commit) ...
  [harness]   spec(commit) progress: 10/50
  [harness]   spec(commit) progress: 20/50
  [harness]   spec(commit) progress: 30/50
  [harness]   spec(commit) progress: 40/50
  [harness]   spec(commit) progress: 50/50
  [harness]   Measuring spec (rollback) ...
  [harness]   spec(rollback) progress: 10/50
  [harness]   spec(rollback) progress: 20/50
  [harness]   spec(rollback) progress: 30/50
  [harness]   spec(rollback) progress: 40/50
  [harness]   spec(rollback) progress: 50/50
  [harness]   Done in 88.3s

######################################################################
  WORKLOAD W10 [mem_256MiB] (repeats=50)
######################################################################
  [harness] Starting W10 [mem_256MiB] repeats=50
  [harness]   Measuring raw execution ...
  [harness]   raw progress: 10/50
  [harness]   raw progress: 20/50
  [harness]   raw progress: 30/50
  [harness]   raw progress: 40/50
  [harness]   raw progress: 50/50
  [harness]   Measuring spec (commit) ...
  [harness]   spec(commit) progress: 10/50
  [harness]   spec(commit) progress: 20/50
  [harness]   spec(commit) progress: 30/50
  [harness]   spec(commit) progress: 40/50
  [harness]   spec(commit) progress: 50/50
  [harness]   Measuring spec (rollback) ...
  [harness]   spec(rollback) progress: 10/50
  [harness]   spec(rollback) progress: 20/50
  [harness]   spec(rollback) progress: 30/50
  [harness]   spec(rollback) progress: 40/50
  [harness]   spec(rollback) progress: 50/50
  [harness]   Done in 128.5s

######################################################################
  WORKLOAD W10 [mem_1GiB] (repeats=50)
######################################################################
  [harness] Starting W10 [mem_1GiB] repeats=50
  [harness]   Measuring raw execution ...
  [harness]   raw progress: 10/50
  [harness]   raw progress: 20/50
  [harness]   raw progress: 30/50
  [harness]   raw progress: 40/50
  [harness]   raw progress: 50/50
  [harness]   Measuring spec (commit) ...
  [harness]   spec(commit) progress: 10/50
  [harness]   spec(commit) progress: 20/50
  [harness]   spec(commit) progress: 30/50
  [harness]   spec(commit) progress: 40/50
  [harness]   spec(commit) progress: 50/50
  [harness]   Measuring spec (rollback) ...
  [harness]   spec(rollback) progress: 10/50
  [harness]   spec(rollback) progress: 20/50
  [harness]   spec(rollback) progress: 30/50
  [harness]   spec(rollback) progress: 40/50
  [harness]   spec(rollback) progress: 50/50
  [harness]   Done in 290.6s

==============================================================================
  RQ3 PERFORMANCE SUMMARY
==============================================================================

  Workload                       Metric                 Median(ms)    P95(ms)    P99(ms)
  ------------------------------ -------------------- ------------ ---------- ----------
  W1:noop                        raw_tool                    0.922      1.039      1.104
  W1:noop                        spec_begin                  6.644      6.980      7.274
  W1:noop                        spec_run                    2.815      3.005      3.101
  W1:noop                        spec_commit                12.008     12.898     15.715
  W1:noop                        spec_rollback               7.922      8.254      9.364
  W1:noop                        spec_total_commit          21.502     22.660     25.393
  W1:noop                        spec_total_rollback        17.530     18.091     20.771
  W2:10ms                        raw_tool                   11.054     11.165     11.248
  W2:10ms                        spec_begin                  6.743      7.137      7.364
  W2:10ms                        spec_run                   12.959     13.142     13.223
  W2:10ms                        spec_commit                12.190     12.947     15.833
  W2:10ms                        spec_rollback               7.924      8.420      8.936
  W2:10ms                        spec_total_commit          31.898     32.885     35.565
  W2:10ms                        spec_total_rollback        27.689     28.318     30.992
  W2:100ms                       raw_tool                  101.196    101.582    101.763
  W2:100ms                       spec_begin                  6.956      7.342      7.506
  W2:100ms                       spec_run                  104.525    113.223    120.206
  W2:100ms                       spec_commit                12.674     25.191     36.045
  W2:100ms                       spec_rollback               8.817     37.642     42.406
  W2:100ms                       spec_total_commit         124.425    139.544    149.023
  W2:100ms                       spec_total_rollback       121.008    150.380    153.774
  W2:1000ms                      raw_tool                 1001.493   1001.854   1002.011
  W2:1000ms                      spec_begin                  7.265      7.582      7.718
  W2:1000ms                      spec_run                 1012.261   1021.991   1025.272
  W2:1000ms                      spec_commit                22.460     37.496     42.600
  W2:1000ms                      spec_rollback              20.421     34.398     38.348
  W2:1000ms                      spec_total_commit        1043.438   1058.148   1062.692
  W2:1000ms                      spec_total_rollback      1042.543   1054.310   1058.601
  W3a:read_4KiB                  raw_tool                    0.939      1.087      1.167
  W3a:read_4KiB                  spec_begin                  6.804      7.122      7.378
  W3a:read_4KiB                  spec_run                    3.114      3.290      3.395
  W3a:read_4KiB                  spec_commit                11.898     12.585     15.515
  W3a:read_4KiB                  spec_rollback               7.994      8.343      9.795
  W3a:read_4KiB                  spec_total_commit          21.861     22.654     25.362
  W3a:read_4KiB                  spec_total_rollback        18.008     18.550     21.029
  W3a:read_1MiB                  raw_tool                    1.747      1.883      1.972
  W3a:read_1MiB                  spec_begin                  6.833      7.191      7.348
  W3a:read_1MiB                  spec_run                    3.971      4.176      4.289
  W3a:read_1MiB                  spec_commit                11.993     12.792     15.731
  W3a:read_1MiB                  spec_rollback               8.006      8.327      8.747
  W3a:read_1MiB                  spec_total_commit          22.848     23.952     26.762
  W3a:read_1MiB                  spec_total_rollback        18.874     19.367     20.081
  W3a:read_64MiB                 raw_tool                   22.258     22.568     22.741
  W3a:read_64MiB                 spec_begin                  7.030      7.323      7.465
  W3a:read_64MiB                 spec_run                   24.299     25.341     25.445
  W3a:read_64MiB                 spec_commit                12.451     13.159     15.967
  W3a:read_64MiB                 spec_rollback               8.289      8.718     12.084
  W3a:read_64MiB                 spec_total_commit          43.962     45.442     47.365
  W3a:read_64MiB                 spec_total_rollback        39.955     40.974     43.311
  W3b:repeat_read_1MiB_x100      raw_tool                   34.351     34.988     35.186
  W3b:repeat_read_1MiB_x100      spec_begin                  7.056      7.342      7.480
  W3b:repeat_read_1MiB_x100      spec_run                   42.290     44.346     45.731
  W3b:repeat_read_1MiB_x100      spec_commit                12.353     13.052     13.330
  W3b:repeat_read_1MiB_x100      spec_rollback               8.438      8.908     12.015
  W3b:repeat_read_1MiB_x100      spec_total_commit          61.657     63.841     67.084
  W3b:repeat_read_1MiB_x100      spec_total_rollback        57.664     59.680     61.380
  W4:new_4KiB                    raw_tool                    1.553      1.697      1.792
  W4:new_4KiB                    spec_begin                  6.803      7.103      7.195
  W4:new_4KiB                    spec_run                    3.985      4.204      4.266
  W4:new_4KiB                    spec_commit                14.290     15.105     18.086
  W4:new_4KiB                    spec_rollback               8.228      8.594     11.727
  W4:new_4KiB                    spec_total_commit          25.121     25.992     29.243
  W4:new_4KiB                    spec_total_rollback        19.149     19.779     22.508
  W4:new_1MiB                    raw_tool                    2.134      2.301      2.434
  W4:new_1MiB                    spec_begin                  6.880      7.244      7.505
  W4:new_1MiB                    spec_run                    4.583      4.900      7.801
  W4:new_1MiB                    spec_commit                15.019     15.829     18.802
  W4:new_1MiB                    spec_rollback               8.428      8.749      9.126
  W4:new_1MiB                    spec_total_commit          26.599     28.359     30.026
  W4:new_1MiB                    spec_total_rollback        19.963     20.574     23.547
  W4:new_16MiB                   raw_tool                   10.558     10.837     11.061
  W4:new_16MiB                   spec_begin                  7.138      7.402      7.504
  W4:new_16MiB                   spec_run                   13.691     14.332     14.564
  W4:new_16MiB                   spec_commit                21.590     25.313     26.330
  W4:new_16MiB                   spec_rollback              11.901     12.495     12.872
  W4:new_16MiB                   spec_total_commit          42.591     46.228     47.441
  W4:new_16MiB                   spec_total_rollback        32.489     33.938     35.783
  W5:overwrite4K_orig4KiB        raw_tool                    0.962      1.111      1.182
  W5:overwrite4K_orig4KiB        spec_begin                  6.804      7.161      7.276
  W5:overwrite4K_orig4KiB        spec_run                    3.916      4.609      4.695
  W5:overwrite4K_orig4KiB        spec_commit                14.347     15.305     18.113
  W5:overwrite4K_orig4KiB        spec_rollback               8.153      8.553      8.884
  W5:overwrite4K_orig4KiB        spec_total_commit          25.083     27.760     29.033
  W5:overwrite4K_orig4KiB        spec_total_rollback        19.088     19.945     21.062
  W5:overwrite4K_orig1MiB        raw_tool                    1.149      1.244      1.275
  W5:overwrite4K_orig1MiB        spec_begin                  6.874      7.254      7.388
  W5:overwrite4K_orig1MiB        spec_run                    5.241      6.013      8.359
  W5:overwrite4K_orig1MiB        spec_commit                14.643     15.470     18.484
  W5:overwrite4K_orig1MiB        spec_rollback               8.364      8.640      8.880
  W5:overwrite4K_orig1MiB        spec_total_commit          26.889     28.796     30.869
  W5:overwrite4K_orig1MiB        spec_total_rollback        20.661     21.536     23.822
  W5:overwrite4K_orig16MiB       raw_tool                    1.299      1.470      1.523
  W5:overwrite4K_orig16MiB       spec_begin                  7.437      7.866      7.978
  W5:overwrite4K_orig16MiB       spec_run                   21.616     25.599     27.848
  W5:overwrite4K_orig16MiB       spec_commit                17.558     18.313     20.975
  W5:overwrite4K_orig16MiB       spec_rollback              11.309     28.359     53.335
  W5:overwrite4K_orig16MiB       spec_total_commit          46.809     51.028     53.468
  W5:overwrite4K_orig16MiB       spec_total_rollback        40.855    495.521    606.971
  W6:writes_x1                   raw_tool                    1.244      1.331      1.564
  W6:writes_x1                   spec_begin                  6.990      7.410      7.524
  W6:writes_x1                   spec_run                    9.455     11.708     13.006
  W6:writes_x1                   spec_commit                40.550     43.585     44.792
  W6:writes_x1                   spec_rollback              13.491     16.714     17.035
  W6:writes_x1                   spec_total_commit          57.353     60.830     63.157
  W6:writes_x1                   spec_total_rollback        28.222     33.761     37.788
  W6:writes_x10                  raw_tool                    1.173      1.262      1.299
  W6:writes_x10                  spec_begin                  7.031      7.508      7.763
  W6:writes_x10                  spec_run                    9.946     62.825     73.392
  W6:writes_x10                  spec_commit                41.573    142.203    204.102
  W6:writes_x10                  spec_rollback              17.011     49.649     50.296
  W6:writes_x10                  spec_total_commit          58.802    223.067    254.474
  W6:writes_x10                  spec_total_rollback        34.394     99.157    122.021
  W6:writes_x100                 raw_tool                    1.396      1.483      1.604
  W6:writes_x100                 spec_begin                  7.038      7.431      7.542
  W6:writes_x100                 spec_run                   12.267     14.348     14.677
  W6:writes_x100                 spec_commit                40.879     43.884     47.613
  W6:writes_x100                 spec_rollback              16.703     50.608     82.133
  W6:writes_x100                 spec_total_commit          60.496     63.989     67.117
  W6:writes_x100                 spec_total_rollback        35.929    133.535    157.263
  W6:writes_x1000                raw_tool                    3.125      3.268      3.314
  W6:writes_x1000                spec_begin                  7.147      7.503      7.736
  W6:writes_x1000                spec_run                   35.479     68.688     90.581
  W6:writes_x1000                spec_commit                41.464    138.572    140.751
  W6:writes_x1000                spec_rollback              16.309     17.712     20.677
  W6:writes_x1000                spec_total_commit          84.561    207.776    225.586
  W6:writes_x1000                spec_total_rollback        58.450     61.158     68.435
  W7:files_x1                    raw_tool                    0.962      1.085      1.151
  W7:files_x1                    spec_begin                  7.031      7.644      7.880
  W7:files_x1                    spec_run                    6.344     37.727     38.074
  W7:files_x1                    spec_commit                41.938    108.799    139.763
  W7:files_x1                    spec_rollback              16.413     16.857     17.000
  W7:files_x1                    spec_total_commit          55.235    152.076    154.381
  W7:files_x1                    spec_total_rollback        29.544     30.131     30.437
  W7:files_x10                   raw_tool                    1.164      1.283      1.369
  W7:files_x10                   spec_begin                  7.074      7.391      7.605
  W7:files_x10                   spec_run                    8.948      9.402      9.841
  W7:files_x10                   spec_commit                74.141     80.903     86.650
  W7:files_x10                   spec_rollback              17.095     48.669     50.080
  W7:files_x10                   spec_total_commit          90.480     97.198    102.372
  W7:files_x10                   spec_total_rollback        33.207     66.913     96.467
  W7:files_x100                  raw_tool                    3.182      3.311      3.335
  W7:files_x100                  spec_begin                  7.402      7.715      7.818
  W7:files_x100                  spec_run                   35.267     52.031    107.316
  W7:files_x100                  spec_commit               397.484    686.488   1102.975
  W7:files_x100                  spec_rollback              25.726     27.619     28.401
  W7:files_x100                  spec_total_commit         441.109    733.326   1144.866
  W7:files_x100                  spec_total_rollback        67.313     73.871     78.321
  W7:files_x500                  raw_tool                   13.485     14.057     14.680
  W7:files_x500                  spec_begin                  7.790      8.142      8.217
  W7:files_x500                  spec_run                  181.659    290.784    307.027
  W7:files_x500                  spec_commit              2050.982   5061.830   5372.799
  W7:files_x500                  spec_rollback              78.911    110.316    112.439
  W7:files_x500                  spec_total_commit        2237.024   5318.371   5672.468
  W7:files_x500                  spec_total_rollback       252.873    346.562    413.804
  W8:rename_x1                   raw_tool                    0.930      1.058      1.122
  W8:rename_x1                   spec_begin                  6.856      7.158      7.309
  W8:rename_x1                   spec_run                    5.678      6.365      6.575
  W8:rename_x1                   spec_commit                30.770     34.827     35.560
  W8:rename_x1                   spec_rollback              13.488     14.679     14.760
  W8:rename_x1                   spec_total_commit          43.315     47.595     48.587
  W8:rename_x1                   spec_total_rollback        25.975     27.572     27.932
  W8:rename_x10                  raw_tool                    1.108      1.250      1.370
  W8:rename_x10                  spec_begin                  6.824      7.267     12.109
  W8:rename_x10                  spec_run                    7.547      8.260     11.251
  W8:rename_x10                  spec_commit                30.700     36.014     36.694
  W8:rename_x10                  spec_rollback              16.536     49.088     49.651
  W8:rename_x10                  spec_total_commit          45.391     52.078     52.586
  W8:rename_x10                  spec_total_rollback        57.980     64.833     91.598
  W8:rename_x100                 raw_tool                    3.131      3.230      3.287
  W8:rename_x100                 spec_begin                  7.132      7.479      7.689
  W8:rename_x100                 spec_run                   24.370     34.198     35.794
  W8:rename_x100                 spec_commit                42.238     46.324     47.815
  W8:rename_x100                 spec_rollback              16.130     17.847     18.408
  W8:rename_x100                 spec_total_commit          74.102     85.997     87.400
  W8:rename_x100                 spec_total_rollback        45.266     56.368     58.143
  W8:rename_x500                 raw_tool                   12.881     13.187     13.284
  W8:rename_x500                 spec_begin                  7.670      8.155      8.266
  W8:rename_x500                 spec_run                  107.558    111.516    114.833
  W8:rename_x500                 spec_commit               210.956    218.083    220.316
  W8:rename_x500                 spec_rollback              18.604     19.756     20.618
  W8:rename_x500                 spec_total_commit         326.119    335.648    339.237
  W8:rename_x500                 spec_total_rollback       116.379    119.839    120.765
  W9a:single_1KiB                raw_tool                    0.925      1.067      1.145
  W9a:single_1KiB                spec_begin                  7.790      8.176      8.298
  W9a:single_1KiB                spec_run                    3.218      3.385      3.467
  W9a:single_1KiB                spec_commit                12.342     13.075     15.797
  W9a:single_1KiB                spec_rollback               8.228     12.299     15.901
  W9a:single_1KiB                spec_total_commit          23.319     24.323     26.966
  W9a:single_1KiB                spec_total_rollback        19.348     31.032     34.668
  W9a:single_10KiB               raw_tool                    0.937      1.064      1.164
  W9a:single_10KiB               spec_begin                  7.919      8.289      8.505
  W9a:single_10KiB               spec_run                    3.392     11.743     18.276
  W9a:single_10KiB               spec_commit                12.558     17.670     21.584
  W9a:single_10KiB               spec_rollback               8.369     23.411     23.639
  W9a:single_10KiB               spec_total_commit          24.045     38.129     43.456
  W9a:single_10KiB               spec_total_rollback        19.911     40.965     41.683
  W9a:single_100KiB              raw_tool                    1.106      1.270      1.331
  W9a:single_100KiB              spec_begin                  8.398      9.106      9.273
  W9a:single_100KiB              spec_run                    3.996     14.792     26.068
  W9a:single_100KiB              spec_commit                13.663     27.075     28.416
  W9a:single_100KiB              spec_rollback               9.097      9.517     12.698
  W9a:single_100KiB              spec_total_commit          26.490     48.701     51.091
  W9a:single_100KiB              spec_total_rollback        22.075     27.979     32.441
  W9a:single_1MiB                raw_tool                    4.163      4.321      4.498
  W9a:single_1MiB                spec_begin                 13.372     17.656     18.122
  W9a:single_1MiB                spec_run                   11.598     23.254     31.829
  W9a:single_1MiB                spec_commit                25.388     30.953     35.532
  W9a:single_1MiB                spec_rollback              18.973     26.725     35.102
  W9a:single_1MiB                spec_total_commit          52.399     68.511     76.085
  W9a:single_1MiB                spec_total_rollback        54.673     67.086     70.963
  W9b:entries_x10                raw_tool                    8.025      8.185      8.244
  W9b:entries_x10                spec_begin                 18.201     18.841     20.078
  W9b:entries_x10                spec_run                   21.230     32.594     37.000
  W9b:entries_x10                spec_commit                12.587     13.334     13.878
  W9b:entries_x10                spec_rollback              17.605     19.340     20.736
  W9b:entries_x10                spec_total_commit          51.434     63.276     67.883
  W9b:entries_x10                spec_total_rollback        49.935     65.601     68.095
  W9b:entries_x100               raw_tool                   60.240     61.225     61.769
  W9b:entries_x100               spec_begin                 18.510     19.438     19.786
  W9b:entries_x100               spec_run                  106.168    117.610    121.475
  W9b:entries_x100               spec_commit                14.150     14.723     15.532
  W9b:entries_x100               spec_rollback              20.635     21.302     22.193
  W9b:entries_x100               spec_total_commit         139.168    149.399    153.766
  W9b:entries_x100               spec_total_rollback       141.303    148.391    152.349
  W9b:entries_x1000              raw_tool                  585.138    593.452    597.823
  W9b:entries_x1000              spec_begin                 24.295     29.098     29.976
  W9b:entries_x1000              spec_run                  996.368   1008.456   1017.543
  W9b:entries_x1000              spec_commit                27.809     29.288     31.810
  W9b:entries_x1000              spec_rollback              31.847     32.672     35.474
  W9b:entries_x1000              spec_total_commit        1048.602   1061.685   1067.997
  W9b:entries_x1000              spec_total_rollback      1059.969   1078.884   1092.877
  W10:mem_16MiB                  raw_tool                    0.890      1.006      1.057
  W10:mem_16MiB                  spec_begin                 29.443     29.892     31.602
  W10:mem_16MiB                  spec_run                   11.540     17.141     22.783
  W10:mem_16MiB                  spec_commit                12.954     28.866     29.710
  W10:mem_16MiB                  spec_rollback              30.520     39.532     44.517
  W10:mem_16MiB                  spec_total_commit          56.212     70.278     71.826
  W10:mem_16MiB                  spec_total_rollback        64.040     81.697     86.107
  W10:mem_64MiB                  raw_tool                    0.895      1.013      1.038
  W10:mem_64MiB                  spec_begin                 30.725     31.776     34.666
  W10:mem_64MiB                  spec_run                   13.873     29.714     33.509
  W10:mem_64MiB                  spec_commit                29.358     43.693     50.110
  W10:mem_64MiB                  spec_rollback              46.471     54.481     55.821
  W10:mem_64MiB                  spec_total_commit          75.653     92.969     97.398
  W10:mem_64MiB                  spec_total_rollback        92.203    100.825    105.605
  W10:mem_256MiB                 raw_tool                    0.891      1.014      1.027
  W10:mem_256MiB                 spec_begin                 34.217     34.896     36.773
  W10:mem_256MiB                 spec_run                   19.583     32.912     33.684
  W10:mem_256MiB                 spec_commit                15.959     42.928     44.243
  W10:mem_256MiB                 spec_rollback              44.172     58.933     59.050
  W10:mem_256MiB                 spec_total_commit          70.177     97.829     99.476
  W10:mem_256MiB                 spec_total_rollback       103.931    112.913    113.411
  W10:mem_1GiB                   raw_tool                    0.930      1.066      1.654
  W10:mem_1GiB                   spec_begin                 46.093     47.483     47.694
  W10:mem_1GiB                   spec_run                   43.379     55.887     59.466
  W10:mem_1GiB                   spec_commit                41.319     51.006     59.416
  W10:mem_1GiB                   spec_rollback              57.405     76.906     77.426
  W10:mem_1GiB                   spec_total_commit         132.143    142.551    150.287
  W10:mem_1GiB                   spec_total_rollback       151.664    167.012    168.447

==============================================================================


[done] RQ3 experiments complete.

清理守护进程...

══════════════════════════════════════════════════════════
  RQ3 实验完成 (exit=0)
  结果: /home/xht/桌面/penumbra-work/RQ2/speculative_shadow/experiments/rq3/results/
══════════════════════════════════════════════════════════
# [2026-09-10 00:26:13] END    mode=all  exit=0

############################################################
# [2026-09-10 00:26:13] START  mode=baseline  args=<none>
############################################################
══════════════════════════════════════════════════════════
  RQ3 Performance Experiment Launcher
══════════════════════════════════════════════════════════
运行 overlayfs + CRIU 基线实验（无需守护进程）...

[build] Compiling benchmarks ...
[build] Done

######################################################################
  BASELINE WORKLOAD W1 [noop] (repeats=1000)
######################################################################
  [baseline-harness] Starting W1 [noop] repeats=1000
  [baseline-harness]   Measuring raw execution ...
  [harness]   raw progress: 200/1000
  [harness]   raw progress: 400/1000
  [harness]   raw progress: 600/1000
  [harness]   raw progress: 800/1000
  [harness]   raw progress: 1000/1000
  [baseline-harness]   Measuring spec (commit) ...
  [baseline-harness]   spec(commit) progress: 200/1000
  [baseline-harness]   spec(commit) progress: 400/1000
  [baseline-harness]   spec(commit) progress: 600/1000
  [baseline-harness]   spec(commit) progress: 800/1000
  [baseline-harness]   spec(commit) progress: 1000/1000
  [baseline-harness]   Measuring spec (rollback) ...
  [baseline-harness]   spec(rollback) progress: 200/1000
  [baseline-harness]   spec(rollback) progress: 400/1000
  [baseline-harness]   spec(rollback) progress: 600/1000
  [baseline-harness]   spec(rollback) progress: 800/1000
  [baseline-harness]   spec(rollback) progress: 1000/1000
  [baseline-harness]   Done in 53.9s

######################################################################
  BASELINE WORKLOAD W2 [10ms] (repeats=1000)
######################################################################
  [baseline-harness] Starting W2 [10ms] repeats=1000
  [baseline-harness]   Measuring raw execution ...
  [harness]   raw progress: 200/1000
  [harness]   raw progress: 400/1000
  [harness]   raw progress: 600/1000
  [harness]   raw progress: 800/1000
  [harness]   raw progress: 1000/1000
  [baseline-harness]   Measuring spec (commit) ...
  [baseline-harness]   spec(commit) progress: 200/1000
  [baseline-harness]   spec(commit) progress: 400/1000
  [baseline-harness]   spec(commit) progress: 600/1000
  [baseline-harness]   spec(commit) progress: 800/1000
  [baseline-harness]   spec(commit) progress: 1000/1000
  [baseline-harness]   Measuring spec (rollback) ...
  [baseline-harness]   spec(rollback) progress: 200/1000
  [baseline-harness]   spec(rollback) progress: 400/1000
  [baseline-harness]   spec(rollback) progress: 600/1000
  [baseline-harness]   spec(rollback) progress: 800/1000
  [baseline-harness]   spec(rollback) progress: 1000/1000
  [baseline-harness]   Done in 81.2s

######################################################################
  BASELINE WORKLOAD W2 [100ms] (repeats=1000)
######################################################################
  [baseline-harness] Starting W2 [100ms] repeats=1000
  [baseline-harness]   Measuring raw execution ...
  [harness]   raw progress: 200/1000
  [harness]   raw progress: 400/1000
  [harness]   raw progress: 600/1000
  [harness]   raw progress: 800/1000
  [harness]   raw progress: 1000/1000
  [baseline-harness]   Measuring spec (commit) ...
  [baseline-harness]   spec(commit) progress: 200/1000
  [baseline-harness]   spec(commit) progress: 400/1000
  [baseline-harness]   spec(commit) progress: 600/1000
  [baseline-harness]   spec(commit) progress: 800/1000
  [baseline-harness]   spec(commit) progress: 1000/1000
  [baseline-harness]   Measuring spec (rollback) ...
  [baseline-harness]   spec(rollback) progress: 200/1000
  [baseline-harness]   spec(rollback) progress: 400/1000
  [baseline-harness]   spec(rollback) progress: 600/1000
  [baseline-harness]   spec(rollback) progress: 800/1000
  [baseline-harness]   spec(rollback) progress: 1000/1000
  [baseline-harness]   Done in 378.1s

######################################################################
  BASELINE WORKLOAD W2 [1000ms] (repeats=1000)
######################################################################
  [baseline-harness] Starting W2 [1000ms] repeats=1000
  [baseline-harness]   Measuring raw execution ...
  [harness]   raw progress: 200/1000
  [harness]   raw progress: 400/1000
  [harness]   raw progress: 600/1000
  [harness]   raw progress: 800/1000
  [harness]   raw progress: 1000/1000
  [baseline-harness]   Measuring spec (commit) ...
  [baseline-harness]   spec(commit) progress: 200/1000
  [baseline-harness]   spec(commit) progress: 400/1000
  [baseline-harness]   spec(commit) progress: 600/1000
  [baseline-harness]   spec(commit) progress: 800/1000
  [baseline-harness]   spec(commit) progress: 1000/1000
  [baseline-harness]   Measuring spec (rollback) ...
  [baseline-harness]   spec(rollback) progress: 200/1000
  [baseline-harness]   spec(rollback) progress: 400/1000
  [baseline-harness]   spec(rollback) progress: 600/1000
  [baseline-harness]   spec(rollback) progress: 800/1000
  [baseline-harness]   spec(rollback) progress: 1000/1000
  [baseline-harness]   Done in 3125.4s

######################################################################
  BASELINE WORKLOAD W3a [read_4KiB] (repeats=200)
######################################################################
  [baseline-harness] Starting W3a [read_4KiB] repeats=200
  [baseline-harness]   Measuring raw execution ...
  [harness]   raw progress: 40/200
  [harness]   raw progress: 80/200
  [harness]   raw progress: 120/200
  [harness]   raw progress: 160/200
  [harness]   raw progress: 200/200
  [baseline-harness]   Measuring spec (commit) ...
  [baseline-harness]   spec(commit) progress: 40/200
  [baseline-harness]   spec(commit) progress: 80/200
  [baseline-harness]   spec(commit) progress: 120/200
  [baseline-harness]   spec(commit) progress: 160/200
  [baseline-harness]   spec(commit) progress: 200/200
  [baseline-harness]   Measuring spec (rollback) ...
  [baseline-harness]   spec(rollback) progress: 40/200
  [baseline-harness]   spec(rollback) progress: 80/200
  [baseline-harness]   spec(rollback) progress: 120/200
  [baseline-harness]   spec(rollback) progress: 160/200
  [baseline-harness]   spec(rollback) progress: 200/200
  [baseline-harness]   Done in 12.3s

######################################################################
  BASELINE WORKLOAD W3a [read_1MiB] (repeats=200)
######################################################################
  [baseline-harness] Starting W3a [read_1MiB] repeats=200
  [baseline-harness]   Measuring raw execution ...
  [harness]   raw progress: 40/200
  [harness]   raw progress: 80/200
  [harness]   raw progress: 120/200
  [harness]   raw progress: 160/200
  [harness]   raw progress: 200/200
  [baseline-harness]   Measuring spec (commit) ...
  [baseline-harness]   spec(commit) progress: 40/200
  [baseline-harness]   spec(commit) progress: 80/200
  [baseline-harness]   spec(commit) progress: 120/200
  [baseline-harness]   spec(commit) progress: 160/200
  [baseline-harness]   spec(commit) progress: 200/200
  [baseline-harness]   Measuring spec (rollback) ...
  [baseline-harness]   spec(rollback) progress: 40/200
  [baseline-harness]   spec(rollback) progress: 80/200
  [baseline-harness]   spec(rollback) progress: 120/200
  [baseline-harness]   spec(rollback) progress: 160/200
  [baseline-harness]   spec(rollback) progress: 200/200
  [baseline-harness]   Done in 12.8s

######################################################################
  BASELINE WORKLOAD W3a [read_64MiB] (repeats=200)
######################################################################
  [baseline-harness] Starting W3a [read_64MiB] repeats=200
  [baseline-harness]   Measuring raw execution ...
  [harness]   raw progress: 40/200
  [harness]   raw progress: 80/200
  [harness]   raw progress: 120/200
  [harness]   raw progress: 160/200
  [harness]   raw progress: 200/200
  [baseline-harness]   Measuring spec (commit) ...
  [baseline-harness]   spec(commit) progress: 40/200
  [baseline-harness]   spec(commit) progress: 80/200
  [baseline-harness]   spec(commit) progress: 120/200
  [baseline-harness]   spec(commit) progress: 160/200
  [baseline-harness]   spec(commit) progress: 200/200
  [baseline-harness]   Measuring spec (rollback) ...
  [baseline-harness]   spec(rollback) progress: 40/200
  [baseline-harness]   spec(rollback) progress: 80/200
  [baseline-harness]   spec(rollback) progress: 120/200
  [baseline-harness]   spec(rollback) progress: 160/200
  [baseline-harness]   spec(rollback) progress: 200/200
  [baseline-harness]   Done in 28.7s

######################################################################
  BASELINE WORKLOAD W3b [repeat_read_1MiB_x100] (repeats=200)
######################################################################
  [baseline-harness] Starting W3b [repeat_read_1MiB_x100] repeats=200
  [baseline-harness]   Measuring raw execution ...
  [harness]   raw progress: 40/200
  [harness]   raw progress: 80/200
  [harness]   raw progress: 120/200
  [harness]   raw progress: 160/200
  [harness]   raw progress: 200/200
  [baseline-harness]   Measuring spec (commit) ...
  [baseline-harness]   spec(commit) progress: 40/200
  [baseline-harness]   spec(commit) progress: 80/200
  [baseline-harness]   spec(commit) progress: 120/200
  [baseline-harness]   spec(commit) progress: 160/200
  [baseline-harness]   spec(commit) progress: 200/200
  [baseline-harness]   Measuring spec (rollback) ...
  [baseline-harness]   spec(rollback) progress: 40/200
  [baseline-harness]   spec(rollback) progress: 80/200
  [baseline-harness]   spec(rollback) progress: 120/200
  [baseline-harness]   spec(rollback) progress: 160/200
  [baseline-harness]   spec(rollback) progress: 200/200
  [baseline-harness]   Done in 33.6s

######################################################################
  BASELINE WORKLOAD W4 [new_4KiB] (repeats=200)
######################################################################
  [baseline-harness] Starting W4 [new_4KiB] repeats=200
  [baseline-harness]   Measuring raw execution ...
  [harness]   raw progress: 40/200
  [harness]   raw progress: 80/200
  [harness]   raw progress: 120/200
  [harness]   raw progress: 160/200
  [harness]   raw progress: 200/200
  [baseline-harness]   Measuring spec (commit) ...
  [baseline-harness]   spec(commit) progress: 40/200
  [baseline-harness]   spec(commit) progress: 80/200
  [baseline-harness]   spec(commit) progress: 120/200
  [baseline-harness]   spec(commit) progress: 160/200
  [baseline-harness]   spec(commit) progress: 200/200
  [baseline-harness]   Measuring spec (rollback) ...
  [baseline-harness]   spec(rollback) progress: 40/200
  [baseline-harness]   spec(rollback) progress: 80/200
  [baseline-harness]   spec(rollback) progress: 120/200
  [baseline-harness]   spec(rollback) progress: 160/200
  [baseline-harness]   spec(rollback) progress: 200/200
  [baseline-harness]   Done in 11.8s

######################################################################
  BASELINE WORKLOAD W4 [new_1MiB] (repeats=200)
######################################################################
  [baseline-harness] Starting W4 [new_1MiB] repeats=200
  [baseline-harness]   Measuring raw execution ...
  [harness]   raw progress: 40/200
  [harness]   raw progress: 80/200
  [harness]   raw progress: 120/200
  [harness]   raw progress: 160/200
  [harness]   raw progress: 200/200
  [baseline-harness]   Measuring spec (commit) ...
  [baseline-harness]   spec(commit) progress: 40/200
  [baseline-harness]   spec(commit) progress: 80/200
  [baseline-harness]   spec(commit) progress: 120/200
  [baseline-harness]   spec(commit) progress: 160/200
  [baseline-harness]   spec(commit) progress: 200/200
  [baseline-harness]   Measuring spec (rollback) ...
  [baseline-harness]   spec(rollback) progress: 40/200
  [baseline-harness]   spec(rollback) progress: 80/200
  [baseline-harness]   spec(rollback) progress: 120/200
  [baseline-harness]   spec(rollback) progress: 160/200
  [baseline-harness]   spec(rollback) progress: 200/200
  [baseline-harness]   Done in 12.8s

######################################################################
  BASELINE WORKLOAD W4 [new_16MiB] (repeats=200)
######################################################################
  [baseline-harness] Starting W4 [new_16MiB] repeats=200
  [baseline-harness]   Measuring raw execution ...
  [harness]   raw progress: 40/200
  [harness]   raw progress: 80/200
  [harness]   raw progress: 120/200
  [harness]   raw progress: 160/200
  [harness]   raw progress: 200/200
  [baseline-harness]   Measuring spec (commit) ...
  [baseline-harness]   spec(commit) progress: 40/200
  [baseline-harness]   spec(commit) progress: 80/200
  [baseline-harness]   spec(commit) progress: 120/200
  [baseline-harness]   spec(commit) progress: 160/200
  [baseline-harness]   spec(commit) progress: 200/200
  [baseline-harness]   Measuring spec (rollback) ...
  [baseline-harness]   spec(rollback) progress: 40/200
  [baseline-harness]   spec(rollback) progress: 80/200
  [baseline-harness]   spec(rollback) progress: 120/200
  [baseline-harness]   spec(rollback) progress: 160/200
  [baseline-harness]   spec(rollback) progress: 200/200
  [baseline-harness]   Done in 26.8s

######################################################################
  BASELINE WORKLOAD W5 [overwrite4K_orig4KiB] (repeats=200)
######################################################################
  [baseline-harness] Starting W5 [overwrite4K_orig4KiB] repeats=200
  [baseline-harness]   Measuring raw execution ...
  [harness]   raw progress: 40/200
  [harness]   raw progress: 80/200
  [harness]   raw progress: 120/200
  [harness]   raw progress: 160/200
  [harness]   raw progress: 200/200
  [baseline-harness]   Measuring spec (commit) ...
  [baseline-harness]   spec(commit) progress: 40/200
  [baseline-harness]   spec(commit) progress: 80/200
  [baseline-harness]   spec(commit) progress: 120/200
  [baseline-harness]   spec(commit) progress: 160/200
  [baseline-harness]   spec(commit) progress: 200/200
  [baseline-harness]   Measuring spec (rollback) ...
  [baseline-harness]   spec(rollback) progress: 40/200
  [baseline-harness]   spec(rollback) progress: 80/200
  [baseline-harness]   spec(rollback) progress: 120/200
  [baseline-harness]   spec(rollback) progress: 160/200
  [baseline-harness]   spec(rollback) progress: 200/200
  [baseline-harness]   Done in 13.8s

######################################################################
  BASELINE WORKLOAD W5 [overwrite4K_orig1MiB] (repeats=200)
######################################################################
  [baseline-harness] Starting W5 [overwrite4K_orig1MiB] repeats=200
  [baseline-harness]   Measuring raw execution ...
  [harness]   raw progress: 40/200
  [harness]   raw progress: 80/200
  [harness]   raw progress: 120/200
  [harness]   raw progress: 160/200
  [harness]   raw progress: 200/200
  [baseline-harness]   Measuring spec (commit) ...
  [baseline-harness]   spec(commit) progress: 40/200
  [baseline-harness]   spec(commit) progress: 80/200
  [baseline-harness]   spec(commit) progress: 120/200
  [baseline-harness]   spec(commit) progress: 160/200
  [baseline-harness]   spec(commit) progress: 200/200
  [baseline-harness]   Measuring spec (rollback) ...
  [baseline-harness]   spec(rollback) progress: 40/200
  [baseline-harness]   spec(rollback) progress: 80/200
  [baseline-harness]   spec(rollback) progress: 120/200
  [baseline-harness]   spec(rollback) progress: 160/200
  [baseline-harness]   spec(rollback) progress: 200/200
  [baseline-harness]   Done in 15.9s

######################################################################
  BASELINE WORKLOAD W5 [overwrite4K_orig16MiB] (repeats=200)
######################################################################
  [baseline-harness] Starting W5 [overwrite4K_orig16MiB] repeats=200
  [baseline-harness]   Measuring raw execution ...
  [harness]   raw progress: 40/200
  [harness]   raw progress: 80/200
  [harness]   raw progress: 120/200
  [harness]   raw progress: 160/200
  [harness]   raw progress: 200/200
  [baseline-harness]   Measuring spec (commit) ...
  [baseline-harness]   spec(commit) progress: 40/200
  [baseline-harness]   spec(commit) progress: 80/200
  [baseline-harness]   spec(commit) progress: 120/200
  [baseline-harness]   spec(commit) progress: 160/200
  [baseline-harness]   spec(commit) progress: 200/200
  [baseline-harness]   Measuring spec (rollback) ...
  [baseline-harness]   spec(rollback) progress: 40/200
  [baseline-harness]   spec(rollback) progress: 80/200
  [baseline-harness]   spec(rollback) progress: 120/200
  [baseline-harness]   spec(rollback) progress: 160/200
  [baseline-harness]   spec(rollback) progress: 200/200
  [baseline-harness]   Done in 96.9s

######################################################################
  BASELINE WORKLOAD W6 [writes_x1] (repeats=200)
######################################################################
  [baseline-harness] Starting W6 [writes_x1] repeats=200
  [baseline-harness]   Measuring raw execution ...
  [harness]   raw progress: 40/200
  [harness]   raw progress: 80/200
  [harness]   raw progress: 120/200
  [harness]   raw progress: 160/200
  [harness]   raw progress: 200/200
  [baseline-harness]   Measuring spec (commit) ...
  [baseline-harness]   spec(commit) progress: 40/200
  [baseline-harness]   spec(commit) progress: 80/200
  [baseline-harness]   spec(commit) progress: 120/200
  [baseline-harness]   spec(commit) progress: 160/200
  [baseline-harness]   spec(commit) progress: 200/200
  [baseline-harness]   Measuring spec (rollback) ...
  [baseline-harness]   spec(rollback) progress: 40/200
  [baseline-harness]   spec(rollback) progress: 80/200
  [baseline-harness]   spec(rollback) progress: 120/200
  [baseline-harness]   spec(rollback) progress: 160/200
  [baseline-harness]   spec(rollback) progress: 200/200
  [baseline-harness]   Done in 27.8s

######################################################################
  BASELINE WORKLOAD W6 [writes_x10] (repeats=200)
######################################################################
  [baseline-harness] Starting W6 [writes_x10] repeats=200
  [baseline-harness]   Measuring raw execution ...
  [harness]   raw progress: 40/200
  [harness]   raw progress: 80/200
  [harness]   raw progress: 120/200
  [harness]   raw progress: 160/200
  [harness]   raw progress: 200/200
  [baseline-harness]   Measuring spec (commit) ...
  [baseline-harness]   spec(commit) progress: 40/200
  [baseline-harness]   spec(commit) progress: 80/200
  [baseline-harness]   spec(commit) progress: 120/200
  [baseline-harness]   spec(commit) progress: 160/200
  [baseline-harness]   spec(commit) progress: 200/200
  [baseline-harness]   Measuring spec (rollback) ...
  [baseline-harness]   spec(rollback) progress: 40/200
  [baseline-harness]   spec(rollback) progress: 80/200
  [baseline-harness]   spec(rollback) progress: 120/200
  [baseline-harness]   spec(rollback) progress: 160/200
  [baseline-harness]   spec(rollback) progress: 200/200
  [baseline-harness]   Done in 23.7s

######################################################################
  BASELINE WORKLOAD W6 [writes_x100] (repeats=200)
######################################################################
  [baseline-harness] Starting W6 [writes_x100] repeats=200
  [baseline-harness]   Measuring raw execution ...
  [harness]   raw progress: 40/200
  [harness]   raw progress: 80/200
  [harness]   raw progress: 120/200
  [harness]   raw progress: 160/200
  [harness]   raw progress: 200/200
  [baseline-harness]   Measuring spec (commit) ...
  [baseline-harness]   spec(commit) progress: 40/200
  [baseline-harness]   spec(commit) progress: 80/200
  [baseline-harness]   spec(commit) progress: 120/200
  [baseline-harness]   spec(commit) progress: 160/200
  [baseline-harness]   spec(commit) progress: 200/200
  [baseline-harness]   Measuring spec (rollback) ...
  [baseline-harness]   spec(rollback) progress: 40/200
  [baseline-harness]   spec(rollback) progress: 80/200
  [baseline-harness]   spec(rollback) progress: 120/200
  [baseline-harness]   spec(rollback) progress: 160/200
  [baseline-harness]   spec(rollback) progress: 200/200
  [baseline-harness]   Done in 30.8s

######################################################################
  BASELINE WORKLOAD W6 [writes_x1000] (repeats=200)
######################################################################
  [baseline-harness] Starting W6 [writes_x1000] repeats=200
  [baseline-harness]   Measuring raw execution ...
  [harness]   raw progress: 40/200
  [harness]   raw progress: 80/200
  [harness]   raw progress: 120/200
  [harness]   raw progress: 160/200
  [harness]   raw progress: 200/200
  [baseline-harness]   Measuring spec (commit) ...
  [baseline-harness]   spec(commit) progress: 40/200
  [baseline-harness]   spec(commit) progress: 80/200
  [baseline-harness]   spec(commit) progress: 120/200
  [baseline-harness]   spec(commit) progress: 160/200
  [baseline-harness]   spec(commit) progress: 200/200
  [baseline-harness]   Measuring spec (rollback) ...
  [baseline-harness]   spec(rollback) progress: 40/200
  [baseline-harness]   spec(rollback) progress: 80/200
  [baseline-harness]   spec(rollback) progress: 120/200
  [baseline-harness]   spec(rollback) progress: 160/200
  [baseline-harness]   spec(rollback) progress: 200/200
  [baseline-harness]   Done in 31.7s

######################################################################
  BASELINE WORKLOAD W7 [files_x1] (repeats=100)
######################################################################
  [baseline-harness] Starting W7 [files_x1] repeats=100
  [baseline-harness]   Measuring raw execution ...
  [harness]   raw progress: 20/100
  [harness]   raw progress: 40/100
  [harness]   raw progress: 60/100
  [harness]   raw progress: 80/100
  [harness]   raw progress: 100/100
  [baseline-harness]   Measuring spec (commit) ...
  [baseline-harness]   spec(commit) progress: 20/100
  [baseline-harness]   spec(commit) progress: 40/100
  [baseline-harness]   spec(commit) progress: 60/100
  [baseline-harness]   spec(commit) progress: 80/100
  [baseline-harness]   spec(commit) progress: 100/100
  [baseline-harness]   Measuring spec (rollback) ...
  [baseline-harness]   spec(rollback) progress: 20/100
  [baseline-harness]   spec(rollback) progress: 40/100
  [baseline-harness]   spec(rollback) progress: 60/100
  [baseline-harness]   spec(rollback) progress: 80/100
  [baseline-harness]   spec(rollback) progress: 100/100
  [baseline-harness]   Done in 9.3s

######################################################################
  BASELINE WORKLOAD W7 [files_x10] (repeats=100)
######################################################################
  [baseline-harness] Starting W7 [files_x10] repeats=100
  [baseline-harness]   Measuring raw execution ...
  [harness]   raw progress: 20/100
  [harness]   raw progress: 40/100
  [harness]   raw progress: 60/100
  [harness]   raw progress: 80/100
  [harness]   raw progress: 100/100
  [baseline-harness]   Measuring spec (commit) ...
  [baseline-harness]   spec(commit) progress: 20/100
  [baseline-harness]   spec(commit) progress: 40/100
  [baseline-harness]   spec(commit) progress: 60/100
  [baseline-harness]   spec(commit) progress: 80/100
  [baseline-harness]   spec(commit) progress: 100/100
  [baseline-harness]   Measuring spec (rollback) ...
  [baseline-harness]   spec(rollback) progress: 20/100
  [baseline-harness]   spec(rollback) progress: 40/100
  [baseline-harness]   spec(rollback) progress: 60/100
  [baseline-harness]   spec(rollback) progress: 80/100
  [baseline-harness]   spec(rollback) progress: 100/100
  [baseline-harness]   Done in 9.2s

######################################################################
  BASELINE WORKLOAD W7 [files_x100] (repeats=100)
######################################################################
  [baseline-harness] Starting W7 [files_x100] repeats=100
  [baseline-harness]   Measuring raw execution ...
  [harness]   raw progress: 20/100
  [harness]   raw progress: 40/100
  [harness]   raw progress: 60/100
  [harness]   raw progress: 80/100
  [harness]   raw progress: 100/100
  [baseline-harness]   Measuring spec (commit) ...
  [baseline-harness]   spec(commit) progress: 20/100
  [baseline-harness]   spec(commit) progress: 40/100
  [baseline-harness]   spec(commit) progress: 60/100
  [baseline-harness]   spec(commit) progress: 80/100
  [baseline-harness]   spec(commit) progress: 100/100
  [baseline-harness]   Measuring spec (rollback) ...
  [baseline-harness]   spec(rollback) progress: 20/100
  [baseline-harness]   spec(rollback) progress: 40/100
  [baseline-harness]   spec(rollback) progress: 60/100
  [baseline-harness]   spec(rollback) progress: 80/100
  [baseline-harness]   spec(rollback) progress: 100/100
  [baseline-harness]   Done in 12.9s

######################################################################
  BASELINE WORKLOAD W7 [files_x500] (repeats=100)
######################################################################
  [baseline-harness] Starting W7 [files_x500] repeats=100
  [baseline-harness]   Measuring raw execution ...
  [harness]   raw progress: 20/100
  [harness]   raw progress: 40/100
  [harness]   raw progress: 60/100
  [harness]   raw progress: 80/100
  [harness]   raw progress: 100/100
  [baseline-harness]   Measuring spec (commit) ...
  [baseline-harness]   spec(commit) progress: 20/100
  [baseline-harness]   spec(commit) progress: 40/100
  [baseline-harness]   spec(commit) progress: 60/100
  [baseline-harness]   spec(commit) progress: 80/100
  [baseline-harness]   spec(commit) progress: 100/100
  [baseline-harness]   Measuring spec (rollback) ...
  [baseline-harness]   spec(rollback) progress: 20/100
  [baseline-harness]   spec(rollback) progress: 40/100
  [baseline-harness]   spec(rollback) progress: 60/100
  [baseline-harness]   spec(rollback) progress: 80/100
  [baseline-harness]   spec(rollback) progress: 100/100
  [baseline-harness]   Done in 26.5s

######################################################################
  BASELINE WORKLOAD W8 [rename_x1] (repeats=100)
######################################################################
  [baseline-harness] Starting W8 [rename_x1] repeats=100
  [baseline-harness]   Measuring raw execution ...
  [harness]   raw progress: 20/100
  [harness]   raw progress: 40/100
  [harness]   raw progress: 60/100
  [harness]   raw progress: 80/100
  [harness]   raw progress: 100/100
  [baseline-harness]   Measuring spec (commit) ...
  [baseline-harness]   spec(commit) progress: 20/100
  [baseline-harness]   spec(commit) progress: 40/100
  [baseline-harness]   spec(commit) progress: 60/100
  [baseline-harness]   spec(commit) progress: 80/100
  [baseline-harness]   spec(commit) progress: 100/100
  [baseline-harness]   Measuring spec (rollback) ...
  [baseline-harness]   spec(rollback) progress: 20/100
  [baseline-harness]   spec(rollback) progress: 40/100
  [baseline-harness]   spec(rollback) progress: 60/100
  [baseline-harness]   spec(rollback) progress: 80/100
  [baseline-harness]   spec(rollback) progress: 100/100
  [baseline-harness]   Done in 7.6s

######################################################################
  BASELINE WORKLOAD W8 [rename_x10] (repeats=100)
######################################################################
  [baseline-harness] Starting W8 [rename_x10] repeats=100
  [baseline-harness]   Measuring raw execution ...
  [harness]   raw progress: 20/100
  [harness]   raw progress: 40/100
  [harness]   raw progress: 60/100
  [harness]   raw progress: 80/100
  [harness]   raw progress: 100/100
  [baseline-harness]   Measuring spec (commit) ...
  [baseline-harness]   spec(commit) progress: 20/100
  [baseline-harness]   spec(commit) progress: 40/100
  [baseline-harness]   spec(commit) progress: 60/100
  [baseline-harness]   spec(commit) progress: 80/100
  [baseline-harness]   spec(commit) progress: 100/100
  [baseline-harness]   Measuring spec (rollback) ...
  [baseline-harness]   spec(rollback) progress: 20/100
  [baseline-harness]   spec(rollback) progress: 40/100
  [baseline-harness]   spec(rollback) progress: 60/100
  [baseline-harness]   spec(rollback) progress: 80/100
  [baseline-harness]   spec(rollback) progress: 100/100
  [baseline-harness]   Done in 10.4s

######################################################################
  BASELINE WORKLOAD W8 [rename_x100] (repeats=100)
######################################################################
  [baseline-harness] Starting W8 [rename_x100] repeats=100
  [baseline-harness]   Measuring raw execution ...
  [harness]   raw progress: 20/100
  [harness]   raw progress: 40/100
  [harness]   raw progress: 60/100
  [harness]   raw progress: 80/100
  [harness]   raw progress: 100/100
  [baseline-harness]   Measuring spec (commit) ...
  [baseline-harness]   spec(commit) progress: 20/100
  [baseline-harness]   spec(commit) progress: 40/100
  [baseline-harness]   spec(commit) progress: 60/100
  [baseline-harness]   spec(commit) progress: 80/100
  [baseline-harness]   spec(commit) progress: 100/100
  [baseline-harness]   Measuring spec (rollback) ...
  [baseline-harness]   spec(rollback) progress: 20/100
  [baseline-harness]   spec(rollback) progress: 40/100
  [baseline-harness]   spec(rollback) progress: 60/100
  [baseline-harness]   spec(rollback) progress: 80/100
  [baseline-harness]   spec(rollback) progress: 100/100
  [baseline-harness]   Done in 38.6s

######################################################################
  BASELINE WORKLOAD W8 [rename_x500] (repeats=100)
######################################################################
  [baseline-harness] Starting W8 [rename_x500] repeats=100
  [baseline-harness]   Measuring raw execution ...
  [harness]   raw progress: 20/100
  [harness]   raw progress: 40/100
  [harness]   raw progress: 60/100
  [harness]   raw progress: 80/100
  [harness]   raw progress: 100/100
  [baseline-harness]   Measuring spec (commit) ...
  [baseline-harness]   spec(commit) progress: 20/100
  [baseline-harness]   spec(commit) progress: 40/100
  [baseline-harness]   spec(commit) progress: 60/100
  [baseline-harness]   spec(commit) progress: 80/100
  [baseline-harness]   spec(commit) progress: 100/100
  [baseline-harness]   Measuring spec (rollback) ...
  [baseline-harness]   spec(rollback) progress: 20/100
  [baseline-harness]   spec(rollback) progress: 40/100
  [baseline-harness]   spec(rollback) progress: 60/100
  [baseline-harness]   spec(rollback) progress: 80/100
  [baseline-harness]   spec(rollback) progress: 100/100
  [baseline-harness]   Done in 494.4s

######################################################################
  BASELINE WORKLOAD W9a [single_1KiB] (repeats=200)
######################################################################
  [baseline-harness] Starting W9a [single_1KiB] repeats=200
  [baseline-harness]   Measuring raw execution ...
  [harness]   raw progress: 40/200
  [harness]   raw progress: 80/200
  [harness]   raw progress: 120/200
  [harness]   raw progress: 160/200
  [harness]   raw progress: 200/200
  [baseline-harness]   Measuring spec (commit) ...
  [baseline-harness]   spec(commit) progress: 40/200
  [baseline-harness]   spec(commit) progress: 80/200
  [baseline-harness]   spec(commit) progress: 120/200
  [baseline-harness]   spec(commit) progress: 160/200
  [baseline-harness]   spec(commit) progress: 200/200
  [baseline-harness]   Measuring spec (rollback) ...
  [baseline-harness]   spec(rollback) progress: 40/200
  [baseline-harness]   spec(rollback) progress: 80/200
  [baseline-harness]   spec(rollback) progress: 120/200
  [baseline-harness]   spec(rollback) progress: 160/200
  [baseline-harness]   spec(rollback) progress: 200/200
  [baseline-harness]   Done in 16.1s

######################################################################
  BASELINE WORKLOAD W9a [single_10KiB] (repeats=200)
######################################################################
  [baseline-harness] Starting W9a [single_10KiB] repeats=200
  [baseline-harness]   Measuring raw execution ...
  [harness]   raw progress: 40/200
  [harness]   raw progress: 80/200
  [harness]   raw progress: 120/200
  [harness]   raw progress: 160/200
  [harness]   raw progress: 200/200
  [baseline-harness]   Measuring spec (commit) ...
  [baseline-harness]   spec(commit) progress: 40/200
  [baseline-harness]   spec(commit) progress: 80/200
  [baseline-harness]   spec(commit) progress: 120/200
  [baseline-harness]   spec(commit) progress: 160/200
  [baseline-harness]   spec(commit) progress: 200/200
  [baseline-harness]   Measuring spec (rollback) ...
  [baseline-harness]   spec(rollback) progress: 40/200
  [baseline-harness]   spec(rollback) progress: 80/200
  [baseline-harness]   spec(rollback) progress: 120/200
  [baseline-harness]   spec(rollback) progress: 160/200
  [baseline-harness]   spec(rollback) progress: 200/200
  [baseline-harness]   Done in 17.3s

######################################################################
  BASELINE WORKLOAD W9a [single_100KiB] (repeats=200)
######################################################################
  [baseline-harness] Starting W9a [single_100KiB] repeats=200
  [baseline-harness]   Measuring raw execution ...
  [harness]   raw progress: 40/200
  [harness]   raw progress: 80/200
  [harness]   raw progress: 120/200
  [harness]   raw progress: 160/200
  [harness]   raw progress: 200/200
  [baseline-harness]   Measuring spec (commit) ...
  [baseline-harness]   spec(commit) progress: 40/200
  [baseline-harness]   spec(commit) progress: 80/200
  [baseline-harness]   spec(commit) progress: 120/200
  [baseline-harness]   spec(commit) progress: 160/200
  [baseline-harness]   spec(commit) progress: 200/200
  [baseline-harness]   Measuring spec (rollback) ...
  [baseline-harness]   spec(rollback) progress: 40/200
  [baseline-harness]   spec(rollback) progress: 80/200
  [baseline-harness]   spec(rollback) progress: 120/200
  [baseline-harness]   spec(rollback) progress: 160/200
  [baseline-harness]   spec(rollback) progress: 200/200
  [baseline-harness]   Done in 16.1s

######################################################################
  BASELINE WORKLOAD W9a [single_1MiB] (repeats=200)
######################################################################
  [baseline-harness] Starting W9a [single_1MiB] repeats=200
  [baseline-harness]   Measuring raw execution ...
  [harness]   raw progress: 40/200
  [harness]   raw progress: 80/200
  [harness]   raw progress: 120/200
  [harness]   raw progress: 160/200
  [harness]   raw progress: 200/200
  [baseline-harness]   Measuring spec (commit) ...
  [baseline-harness]   spec(commit) progress: 40/200
  [baseline-harness]   spec(commit) progress: 80/200
  [baseline-harness]   spec(commit) progress: 120/200
  [baseline-harness]   spec(commit) progress: 160/200
  [baseline-harness]   spec(commit) progress: 200/200
  [baseline-harness]   Measuring spec (rollback) ...
  [baseline-harness]   spec(rollback) progress: 40/200
  [baseline-harness]   spec(rollback) progress: 80/200
  [baseline-harness]   spec(rollback) progress: 120/200
  [baseline-harness]   spec(rollback) progress: 160/200
  [baseline-harness]   spec(rollback) progress: 200/200
  [baseline-harness]   Done in 17.9s

######################################################################
  BASELINE WORKLOAD W9b [entries_x10] (repeats=200)
######################################################################
  [baseline-harness] Starting W9b [entries_x10] repeats=200
  [baseline-harness]   Measuring raw execution ...
  [harness]   raw progress: 40/200
  [harness]   raw progress: 80/200
  [harness]   raw progress: 120/200
  [harness]   raw progress: 160/200
  [harness]   raw progress: 200/200
  [baseline-harness]   Measuring spec (commit) ...
  [baseline-harness]   spec(commit) progress: 40/200
  [baseline-harness]   spec(commit) progress: 80/200
  [baseline-harness]   spec(commit) progress: 120/200
  [baseline-harness]   spec(commit) progress: 160/200
  [baseline-harness]   spec(commit) progress: 200/200
  [baseline-harness]   Measuring spec (rollback) ...
  [baseline-harness]   spec(rollback) progress: 40/200
  [baseline-harness]   spec(rollback) progress: 80/200
  [baseline-harness]   spec(rollback) progress: 120/200
  [baseline-harness]   spec(rollback) progress: 160/200
  [baseline-harness]   spec(rollback) progress: 200/200
  [baseline-harness]   Done in 19.1s

######################################################################
  BASELINE WORKLOAD W9b [entries_x100] (repeats=200)
######################################################################
  [baseline-harness] Starting W9b [entries_x100] repeats=200
  [baseline-harness]   Measuring raw execution ...
  [harness]   raw progress: 40/200
  [harness]   raw progress: 80/200
  [harness]   raw progress: 120/200
  [harness]   raw progress: 160/200
  [harness]   raw progress: 200/200
  [baseline-harness]   Measuring spec (commit) ...
  [baseline-harness]   spec(commit) progress: 40/200
  [baseline-harness]   spec(commit) progress: 80/200
  [baseline-harness]   spec(commit) progress: 120/200
  [baseline-harness]   spec(commit) progress: 160/200
  [baseline-harness]   spec(commit) progress: 200/200
  [baseline-harness]   Measuring spec (rollback) ...
  [baseline-harness]   spec(rollback) progress: 40/200
  [baseline-harness]   spec(rollback) progress: 80/200
  [baseline-harness]   spec(rollback) progress: 120/200
  [baseline-harness]   spec(rollback) progress: 160/200
  [baseline-harness]   spec(rollback) progress: 200/200
  [baseline-harness]   Done in 51.8s

######################################################################
  BASELINE WORKLOAD W9b [entries_x1000] (repeats=200)
######################################################################
  [baseline-harness] Starting W9b [entries_x1000] repeats=200
  [baseline-harness]   Measuring raw execution ...
  [harness]   raw progress: 40/200
  [harness]   raw progress: 80/200
  [harness]   raw progress: 120/200
  [harness]   raw progress: 160/200
  [harness]   raw progress: 200/200
  [baseline-harness]   Measuring spec (commit) ...
  [baseline-harness]   spec(commit) progress: 40/200
  [baseline-harness]   spec(commit) progress: 80/200
  [baseline-harness]   spec(commit) progress: 120/200
  [baseline-harness]   spec(commit) progress: 160/200
  [baseline-harness]   spec(commit) progress: 200/200
  [baseline-harness]   Measuring spec (rollback) ...
  [baseline-harness]   spec(rollback) progress: 40/200
  [baseline-harness]   spec(rollback) progress: 80/200
  [baseline-harness]   spec(rollback) progress: 120/200
  [baseline-harness]   spec(rollback) progress: 160/200
  [baseline-harness]   spec(rollback) progress: 200/200
  [baseline-harness]   Done in 402.3s

######################################################################
  BASELINE WORKLOAD W10 [mem_16MiB] (repeats=50)
######################################################################
  [baseline-harness] Starting W10 [mem_16MiB] repeats=50
  [baseline-harness]   Measuring raw execution ...
  [harness]   raw progress: 10/50
  [harness]   raw progress: 20/50
  [harness]   raw progress: 30/50
  [harness]   raw progress: 40/50
  [harness]   raw progress: 50/50
  [baseline-harness]   Measuring spec (commit) ...
  [baseline-harness]   spec(commit) progress: 10/50
  [baseline-harness]   spec(commit) progress: 20/50
  [baseline-harness]   spec(commit) progress: 30/50
  [baseline-harness]   spec(commit) progress: 40/50
  [baseline-harness]   spec(commit) progress: 50/50
  [baseline-harness]   Measuring spec (rollback) ...
  [baseline-harness]   spec(rollback) progress: 10/50
  [baseline-harness]   spec(rollback) progress: 20/50
  [baseline-harness]   spec(rollback) progress: 30/50
  [baseline-harness]   spec(rollback) progress: 40/50
  [baseline-harness]   spec(rollback) progress: 50/50
  [baseline-harness]   Done in 7.9s

######################################################################
  BASELINE WORKLOAD W10 [mem_64MiB] (repeats=50)
######################################################################
  [baseline-harness] Starting W10 [mem_64MiB] repeats=50
  [baseline-harness]   Measuring raw execution ...
  [harness]   raw progress: 10/50
  [harness]   raw progress: 20/50
  [harness]   raw progress: 30/50
  [harness]   raw progress: 40/50
  [harness]   raw progress: 50/50
  [baseline-harness]   Measuring spec (commit) ...
  [baseline-harness]   spec(commit) progress: 10/50
  [baseline-harness]   spec(commit) progress: 20/50
  [baseline-harness]   spec(commit) progress: 30/50
  [baseline-harness]   spec(commit) progress: 40/50
  [baseline-harness]   spec(commit) progress: 50/50
  [baseline-harness]   Measuring spec (rollback) ...
  [baseline-harness]   spec(rollback) progress: 10/50
  [baseline-harness]   spec(rollback) progress: 20/50
  [baseline-harness]   spec(rollback) progress: 30/50
  [baseline-harness]   spec(rollback) progress: 40/50
  [baseline-harness]   spec(rollback) progress: 50/50
  [baseline-harness]   Done in 18.5s

######################################################################
  BASELINE WORKLOAD W10 [mem_256MiB] (repeats=50)
######################################################################
  [baseline-harness] Starting W10 [mem_256MiB] repeats=50
  [baseline-harness]   Measuring raw execution ...
  [harness]   raw progress: 10/50
  [harness]   raw progress: 20/50
  [harness]   raw progress: 30/50
  [harness]   raw progress: 40/50
  [harness]   raw progress: 50/50
  [baseline-harness]   Measuring spec (commit) ...
  [baseline-harness]   spec(commit) progress: 10/50
  [baseline-harness]   spec(commit) progress: 20/50
  [baseline-harness]   spec(commit) progress: 30/50
  [baseline-harness]   spec(commit) progress: 40/50
  [baseline-harness]   spec(commit) progress: 50/50
  [baseline-harness]   Measuring spec (rollback) ...
  [baseline-harness]   spec(rollback) progress: 10/50
  [baseline-harness]   spec(rollback) progress: 20/50
  [baseline-harness]   spec(rollback) progress: 30/50
  [baseline-harness]   spec(rollback) progress: 40/50
  [baseline-harness]   spec(rollback) progress: 50/50
  [baseline-harness]   Done in 60.8s

######################################################################
  BASELINE WORKLOAD W10 [mem_1GiB] (repeats=50)
######################################################################
  [baseline-harness] Starting W10 [mem_1GiB] repeats=50
  [baseline-harness]   Measuring raw execution ...
  [harness]   raw progress: 10/50
  [harness]   raw progress: 20/50
  [harness]   raw progress: 30/50
  [harness]   raw progress: 40/50
  [harness]   raw progress: 50/50
  [baseline-harness]   Measuring spec (commit) ...
  [baseline-harness]   spec(commit) progress: 10/50
  [baseline-harness]   spec(commit) progress: 20/50
  [baseline-harness]   spec(commit) progress: 30/50
  [baseline-harness]   spec(commit) progress: 40/50
  [baseline-harness]   spec(commit) progress: 50/50
  [baseline-harness]   Measuring spec (rollback) ...
  [baseline-harness]   spec(rollback) progress: 10/50
  [baseline-harness]   spec(rollback) progress: 20/50
  [baseline-harness]   spec(rollback) progress: 30/50
  [baseline-harness]   spec(rollback) progress: 40/50
  [baseline-harness]   spec(rollback) progress: 50/50
  [baseline-harness]   Done in 220.5s

  Results saved to: ./results/rq3_baseline.json

==============================================================================
  RQ3 PERFORMANCE SUMMARY
==============================================================================

  Workload                       Metric                 Median(ms)    P95(ms)    P99(ms)
  ------------------------------ -------------------- ------------ ---------- ----------
  W1:noop                        raw_tool                    0.940      1.068      1.168
  W1:noop                        spec_begin                 14.035     14.512     14.735
  W1:noop                        spec_run                    2.013      2.184      2.315
  W1:noop                        spec_commit                 4.379      4.612      5.477
  W1:noop                        spec_rollback              10.917     11.291     14.285
  W1:noop                        spec_total_commit          20.411     21.136     22.120
  W1:noop                        spec_total_rollback        27.741     28.551     31.359
  W2:10ms                        raw_tool                   11.022     11.137     11.209
  W2:10ms                        spec_begin                 14.012     14.589     14.928
  W2:10ms                        spec_run                   12.058     12.225     12.311
  W2:10ms                        spec_commit                 4.472      4.747      4.981
  W2:10ms                        spec_rollback              10.950     11.346     15.610
  W2:10ms                        spec_total_commit          30.545     31.345     32.045
  W2:10ms                        spec_total_rollback        37.891     38.818     42.335
  W2:100ms                       raw_tool                  101.179    101.629    101.863
  W2:100ms                       spec_begin                 14.400     14.942     15.327
  W2:100ms                       spec_run                  102.134    102.439    102.584
  W2:100ms                       spec_commit                13.294     29.971     40.186
  W2:100ms                       spec_rollback              22.393     43.977     48.149
  W2:100ms                       spec_total_commit         129.930    146.393    156.815
  W2:100ms                       spec_total_rollback       139.396    160.970    166.183
  W2:1000ms                      raw_tool                 1001.524   1001.988   1002.185
  W2:1000ms                      spec_begin                 14.530     15.011     15.298
  W2:1000ms                      spec_run                 1002.260   1002.683   1002.840
  W2:1000ms                      spec_commit                25.976     43.159     49.202
  W2:1000ms                      spec_rollback              30.568     48.437     60.164
  W2:1000ms                      spec_total_commit        1042.830   1059.997   1066.227
  W2:1000ms                      spec_total_rollback      1047.925   1065.706   1077.928
  W3a:read_4KiB                  raw_tool                    0.934      1.090      1.169
  W3a:read_4KiB                  spec_begin                 14.101     14.543     14.907
  W3a:read_4KiB                  spec_run                    2.103      2.280      2.357
  W3a:read_4KiB                  spec_commit                 4.422      4.642      4.870
  W3a:read_4KiB                  spec_rollback              10.896     11.194     11.583
  W3a:read_4KiB                  spec_total_commit          20.613     21.365     22.005
  W3a:read_4KiB                  spec_total_rollback        27.857     28.888     29.496
  W3a:read_1MiB                  raw_tool                    1.695      1.864      1.954
  W3a:read_1MiB                  spec_begin                 14.172     14.584     14.831
  W3a:read_1MiB                  spec_run                    3.043      3.237      3.327
  W3a:read_1MiB                  spec_commit                 4.534      4.757      4.850
  W3a:read_1MiB                  spec_rollback              11.008     11.518     15.836
  W3a:read_1MiB                  spec_total_commit          21.753     22.363     22.824
  W3a:read_1MiB                  spec_total_rollback        29.000     29.944     33.772
  W3a:read_64MiB                 raw_tool                   25.930     26.820     27.221
  W3a:read_64MiB                 spec_begin                 14.506     14.955     15.150
  W3a:read_64MiB                 spec_run                   27.401     27.775     28.010
  W3a:read_64MiB                 spec_commit                 4.886      5.224      5.660
  W3a:read_64MiB                 spec_rollback              11.443     11.952     18.755
  W3a:read_64MiB                 spec_total_commit          46.786     47.625     48.198
  W3a:read_64MiB                 spec_total_rollback        53.802     55.182     60.930
  W3b:repeat_read_1MiB_x100      raw_tool                   34.274     34.774     35.127
  W3b:repeat_read_1MiB_x100      spec_begin                 14.473     14.973     15.208
  W3b:repeat_read_1MiB_x100      spec_run                   35.342     36.134     36.445
  W3b:repeat_read_1MiB_x100      spec_commit                 4.733      5.157      5.613
  W3b:repeat_read_1MiB_x100      spec_rollback              11.378     11.913     12.639
  W3b:repeat_read_1MiB_x100      spec_total_commit          54.550     55.827     56.218
  W3b:repeat_read_1MiB_x100      spec_total_rollback        61.821     63.076     64.477
  W4:new_4KiB                    raw_tool                    1.535      1.659      1.687
  W4:new_4KiB                    spec_begin                 14.150     14.575     14.785
  W4:new_4KiB                    spec_run                    3.934      4.137      4.169
  W4:new_4KiB                    spec_commit                 5.842      6.109      6.216
  W4:new_4KiB                    spec_rollback              11.004     11.371     14.995
  W4:new_4KiB                    spec_total_commit          23.832     24.444     25.046
  W4:new_4KiB                    spec_total_rollback        29.819     31.235     33.802
  W4:new_1MiB                    raw_tool                    2.141      2.300      2.404
  W4:new_1MiB                    spec_begin                 14.193     14.636     14.839
  W4:new_1MiB                    spec_run                    4.564      4.826      5.072
  W4:new_1MiB                    spec_commit                 7.579      8.017     11.282
  W4:new_1MiB                    spec_rollback              11.786     12.274     14.257
  W4:new_1MiB                    spec_total_commit          26.341     27.820     30.144
  W4:new_1MiB                    spec_total_rollback        31.228     32.278     35.245
  W4:new_16MiB                   raw_tool                   10.893     11.352     11.672
  W4:new_16MiB                   spec_begin                 14.603     15.195     15.475
  W4:new_16MiB                   spec_run                   13.679     14.391     15.387
  W4:new_16MiB                   spec_commit                31.097     35.448     37.134
  W4:new_16MiB                   spec_rollback              20.817     24.343     25.649
  W4:new_16MiB                   spec_total_commit          59.491     63.745     66.222
  W4:new_16MiB                   spec_total_rollback        49.432     53.128     54.253
  W5:overwrite4K_orig4KiB        raw_tool                    0.949      1.105      1.180
  W5:overwrite4K_orig4KiB        spec_begin                 14.173     14.966     15.277
  W5:overwrite4K_orig4KiB        spec_run                    4.492      4.716      4.961
  W5:overwrite4K_orig4KiB        spec_commit                 5.895      6.126      6.323
  W5:overwrite4K_orig4KiB        spec_rollback              10.982     11.360     14.655
  W5:overwrite4K_orig4KiB        spec_total_commit          24.527     25.445     26.386
  W5:overwrite4K_orig4KiB        spec_total_rollback        30.504     32.144     36.799
  W5:overwrite4K_orig1MiB        raw_tool                    1.141      1.246      1.341
  W5:overwrite4K_orig1MiB        spec_begin                 14.377     14.851     15.083
  W5:overwrite4K_orig1MiB        spec_run                    5.777      6.161      7.049
  W5:overwrite4K_orig1MiB        spec_commit                 7.487      7.743      8.813
  W5:overwrite4K_orig1MiB        spec_rollback              11.275     11.748     12.457
  W5:overwrite4K_orig1MiB        spec_total_commit          27.684     28.477     30.672
  W5:overwrite4K_orig1MiB        spec_total_rollback        32.127     33.683     34.097
  W5:overwrite4K_orig16MiB       raw_tool                    1.317      1.513      1.745
  W5:overwrite4K_orig16MiB       spec_begin                 14.615     15.138     15.439
  W5:overwrite4K_orig16MiB       spec_run                   35.866    281.948    314.751
  W5:overwrite4K_orig16MiB       spec_commit                42.911    287.807    309.969
  W5:overwrite4K_orig16MiB       spec_rollback              19.821     52.568     84.251
  W5:overwrite4K_orig16MiB       spec_total_commit          93.769    582.463    625.590
  W5:overwrite4K_orig16MiB       spec_total_rollback        73.309    349.814    411.723
  W6:writes_x1                   raw_tool                    1.128      1.220      1.261
  W6:writes_x1                   spec_begin                 14.397     15.044     15.427
  W6:writes_x1                   spec_run                   11.633     44.542     49.029
  W6:writes_x1                   spec_commit                13.006     47.108     47.821
  W6:writes_x1                   spec_rollback              16.834     22.502     49.058
  W6:writes_x1                   spec_total_commit          39.022    105.985    110.254
  W6:writes_x1                   spec_total_rollback        43.541     77.737    107.714
  W6:writes_x10                  raw_tool                    1.233      1.372      1.606
  W6:writes_x10                  spec_begin                 14.348     14.850     15.094
  W6:writes_x10                  spec_run                   11.599     12.071     16.199
  W6:writes_x10                  spec_commit                12.981     13.579     17.174
  W6:writes_x10                  spec_rollback              16.638     17.260     21.570
  W6:writes_x10                  spec_total_commit          39.057     40.026     43.172
  W6:writes_x10                  spec_total_rollback        42.994     44.324     46.888
  W6:writes_x100                 raw_tool                    1.481      1.766      1.872
  W6:writes_x100                 spec_begin                 14.373     14.910     15.089
  W6:writes_x100                 spec_run                   12.161     44.365     44.935
  W6:writes_x100                 spec_commit                13.381     46.810     48.511
  W6:writes_x100                 spec_rollback              16.863     17.482     20.609
  W6:writes_x100                 spec_total_commit          39.973    105.672    107.764
  W6:writes_x100                 spec_total_rollback        43.642     45.121     47.240
  W6:writes_x1000                raw_tool                    3.080      3.224      3.449
  W6:writes_x1000                spec_begin                 14.405     14.965     15.160
  W6:writes_x1000                spec_run                   13.977     60.352     78.985
  W6:writes_x1000                spec_commit                14.096     80.105    111.520
  W6:writes_x1000                spec_rollback              17.519     50.279     80.845
  W6:writes_x1000                spec_total_commit          42.472    154.948    204.243
  W6:writes_x1000                spec_total_rollback        46.738    111.411    112.329
  W7:files_x1                    raw_tool                    0.937      1.078      1.100
  W7:files_x1                    spec_begin                 14.148     14.555     14.852
  W7:files_x1                    spec_run                    9.985     10.554     10.698
  W7:files_x1                    spec_commit                 9.043     11.750     12.047
  W7:files_x1                    spec_rollback              14.617     15.551     15.838
  W7:files_x1                    spec_total_commit          32.604     36.348     36.611
  W7:files_x1                    spec_total_rollback        36.603     40.932     41.302
  W7:files_x10                   raw_tool                    1.116      1.252      1.302
  W7:files_x10                   spec_begin                 14.140     14.611     15.086
  W7:files_x10                   spec_run                    7.395     10.053     10.151
  W7:files_x10                   spec_commit                 9.800     11.068     11.350
  W7:files_x10                   spec_rollback              14.615     15.377     15.634
  W7:files_x10                   spec_total_commit          31.851     34.062     35.088
  W7:files_x10                   spec_total_rollback        36.788     40.056     40.199
  W7:files_x100                  raw_tool                    3.118      3.245      3.283
  W7:files_x100                  spec_begin                 14.304     14.768     14.871
  W7:files_x100                  spec_run                   13.030     13.639     14.059
  W7:files_x100                  spec_commit                23.073     24.926     26.100
  W7:files_x100                  spec_rollback              19.338     19.992     20.299
  W7:files_x100                  spec_total_commit          49.738     52.326     53.576
  W7:files_x100                  spec_total_rollback        47.447     48.786     50.137
  W7:files_x500                  raw_tool                   13.177     13.552     13.794
  W7:files_x500                  spec_begin                 14.630     15.112     15.478
  W7:files_x500                  spec_run                   29.625     30.415     30.668
  W7:files_x500                  spec_commit                79.470     81.936     84.074
  W7:files_x500                  spec_rollback              30.752     34.168     36.331
  W7:files_x500                  spec_total_commit         123.598    126.449    128.069
  W7:files_x500                  spec_total_rollback        75.764     80.442     81.769
  W8:rename_x1                   raw_tool                    0.974      1.086      1.210
  W8:rename_x1                   spec_begin                 14.106     14.634     15.302
  W8:rename_x1                   spec_run                    5.610      5.798      5.982
  W8:rename_x1                   spec_commit                 6.012      6.289      6.959
  W8:rename_x1                   spec_rollback              11.000     11.391     12.409
  W8:rename_x1                   spec_total_commit          25.691     26.561     28.464
  W8:rename_x1                   spec_total_rollback        31.467     32.290     32.810
  W8:rename_x10                  raw_tool                    1.088      1.187      1.247
  W8:rename_x10                  spec_begin                 14.356     14.855     14.979
  W8:rename_x10                  spec_run                   15.930     18.658     19.558
  W8:rename_x10                  spec_commit                 7.615      7.918      8.128
  W8:rename_x10                  spec_rollback              11.368     11.770     12.049
  W8:rename_x10                  spec_total_commit          37.903     41.283     41.705
  W8:rename_x10                  spec_total_rollback        42.661     44.482     45.782
  W8:rename_x100                 raw_tool                    3.161      3.296      3.373
  W8:rename_x100                 spec_begin                 14.461     14.921     15.230
  W8:rename_x100                 spec_run                  124.617    129.478    130.644
  W8:rename_x100                 spec_commit                24.189     24.831     26.948
  W8:rename_x100                 spec_rollback              15.328     15.886     20.304
  W8:rename_x100                 spec_total_commit         163.077    168.187    170.816
  W8:rename_x100                 spec_total_rollback       154.199    158.554    161.961
  W8:rename_x500                 raw_tool                   12.864     13.255     13.457
  W8:rename_x500                 spec_begin                 14.483     15.014     15.300
  W8:rename_x500                 spec_run                 1805.719   4704.684   5506.422
  W8:rename_x500                 spec_commit               101.513    167.365    169.469
  W8:rename_x500                 spec_rollback              34.662     66.829     70.444
  W8:rename_x500                 spec_total_commit        1922.112   4882.954   5719.570
  W8:rename_x500                 spec_total_rollback      2086.279   4780.043   5864.858
  W9a:single_1KiB                raw_tool                    0.946      1.081      1.193
  W9a:single_1KiB                spec_begin                 14.308     14.918     32.252
  W9a:single_1KiB                spec_run                    2.054      2.241      2.403
  W9a:single_1KiB                spec_commit                 7.434      7.780      8.024
  W9a:single_1KiB                spec_rollback              16.104     16.719     17.360
  W9a:single_1KiB                spec_total_commit          23.782     24.729     42.012
  W9a:single_1KiB                spec_total_rollback        32.376     33.267     45.667
  W9a:single_10KiB               raw_tool                    0.933      1.055      1.084
  W9a:single_10KiB               spec_begin                 14.296     15.111     37.574
  W9a:single_10KiB               spec_run                    2.029      2.244      2.318
  W9a:single_10KiB               spec_commit                 7.068      7.283      7.369
  W9a:single_10KiB               spec_rollback              16.478     48.696     49.480
  W9a:single_10KiB               spec_total_commit          23.355     24.381     46.625
  W9a:single_10KiB               spec_total_rollback        32.856     65.174     68.788
  W9a:single_100KiB              raw_tool                    1.104      1.227      1.300
  W9a:single_100KiB              spec_begin                 14.277     14.814     28.577
  W9a:single_100KiB              spec_run                    2.288      2.467      2.527
  W9a:single_100KiB              spec_commit                 7.035      7.904     38.937
  W9a:single_100KiB              spec_rollback              14.042     16.447     16.706
  W9a:single_100KiB              spec_total_commit          23.570     37.790     55.427
  W9a:single_100KiB              spec_total_rollback        30.955     33.421     48.411
  W9a:single_1MiB                raw_tool                    4.229      4.438      5.290
  W9a:single_1MiB                spec_begin                 14.425     15.025     25.920
  W9a:single_1MiB                spec_run                    5.015      5.264      5.478
  W9a:single_1MiB                spec_commit                 7.359      7.770      7.931
  W9a:single_1MiB                spec_rollback              15.917     17.076     17.826
  W9a:single_1MiB                spec_total_commit          26.605     27.641     38.648
  W9a:single_1MiB                spec_total_rollback        35.132     36.900     55.259
  W9b:entries_x10                raw_tool                    8.043      8.315      8.438
  W9b:entries_x10                spec_begin                 14.325     14.880     32.450
  W9b:entries_x10                spec_run                    6.881      7.090      7.237
  W9b:entries_x10                spec_commit                 6.087      7.345      7.491
  W9b:entries_x10                spec_rollback              15.999     16.695     16.968
  W9b:entries_x10                spec_total_commit          27.607     29.074     45.279
  W9b:entries_x10                spec_total_rollback        37.073     38.280     54.787
  W9b:entries_x100               raw_tool                   59.737     61.133     61.599
  W9b:entries_x100               spec_begin                 14.615     15.210     31.133
  W9b:entries_x100               spec_run                   58.467     59.646     60.112
  W9b:entries_x100               spec_commit                 7.169      8.505      9.475
  W9b:entries_x100               spec_rollback              14.669     16.242     16.550
  W9b:entries_x100               spec_total_commit          80.317     82.684     96.455
  W9b:entries_x100               spec_total_rollback        88.062     90.240    106.463
  W9b:entries_x1000              raw_tool                  575.939    582.930    586.096
  W9b:entries_x1000              spec_begin                 14.474     15.073     15.297
  W9b:entries_x1000              spec_run                  619.453    627.130    631.560
  W9b:entries_x1000              spec_commit                18.502     40.377     41.751
  W9b:entries_x1000              spec_rollback              30.861     44.351     45.540
  W9b:entries_x1000              spec_total_commit         654.721    675.823    682.137
  W9b:entries_x1000              spec_total_rollback       660.492    678.104    682.497
  W10:mem_16MiB                  raw_tool                    0.875      0.989      1.032
  W10:mem_16MiB                  spec_begin                 24.895     26.745     43.820
  W10:mem_16MiB                  spec_run                    2.237      2.395      2.506
  W10:mem_16MiB                  spec_commit                 9.246     10.809     12.236
  W10:mem_16MiB                  spec_rollback              28.271     31.695     48.959
  W10:mem_16MiB                  spec_total_commit          36.494     39.790     56.061
  W10:mem_16MiB                  spec_total_rollback        55.409     69.443     76.502
  W10:mem_64MiB                  raw_tool                    0.920      0.995      1.051
  W10:mem_64MiB                  spec_begin                 55.790     59.660     72.489
  W10:mem_64MiB                  spec_run                    2.352      2.573      2.757
  W10:mem_64MiB                  spec_commit                16.866     30.117     36.964
  W10:mem_64MiB                  spec_rollback              79.378     94.981    112.539
  W10:mem_64MiB                  spec_total_commit          74.990     96.463    100.239
  W10:mem_64MiB                  spec_total_rollback       139.940    163.770    172.324
  W10:mem_256MiB                 raw_tool                    0.874      0.986      1.034
  W10:mem_256MiB                 spec_begin                175.849    192.912    194.033
  W10:mem_256MiB                 spec_run                    2.404      2.723     24.717
  W10:mem_256MiB                 spec_commit                62.625     87.320     90.836
  W10:mem_256MiB                 spec_rollback             284.117    306.603    313.010
  W10:mem_256MiB                 spec_total_commit         245.750    267.494    289.136
  W10:mem_256MiB                 spec_total_rollback       470.528    490.642    509.909
  W10:mem_1GiB                   raw_tool                    0.871      1.049      1.076
  W10:mem_1GiB                   spec_begin                655.680    667.159    689.800
  W10:mem_1GiB                   spec_run                    2.348      2.586      2.853
  W10:mem_1GiB                   spec_commit               212.966    224.666    227.572
  W10:mem_1GiB                   spec_rollback            1020.740   1035.323   1059.417
  W10:mem_1GiB                   spec_total_commit         869.841    889.501    903.788
  W10:mem_1GiB                   spec_total_rollback      1677.483   1702.059   1723.544

==============================================================================


==============================================================================
  PENUMBRA vs OVERLAYFS+CRIU (median, ms)
==============================================================================

  Workload                                 raw  pen-commit  base-commit   pen-roll   base-roll
  ---------------------------------- --------- ----------- ------------ ---------- -----------
  W1:noop                                0.940    21.502    20.411    17.530    27.741
  W2:10ms                               11.022    31.898    30.546    27.689    37.891
  W2:100ms                             101.179   124.425   129.930   121.008   139.396
  W2:1000ms                           1001.524  1043.438  1042.830  1042.543  1047.925
  W3a:read_4KiB                          0.934    21.861    20.613    18.008    27.857
  W3a:read_1MiB                          1.695    22.848    21.753    18.874    29.000
  W3a:read_64MiB                        25.930    43.962    46.786    39.955    53.802
  W3b:repeat_read_1MiB_x100             34.274    61.657    54.550    57.664    61.821
  W4:new_4KiB                            1.535    25.121    23.832    19.149    29.819
  W4:new_1MiB                            2.141    26.599    26.340    19.963    31.228
  W4:new_16MiB                          10.893    42.591    59.491    32.489    49.432
  W5:overwrite4K_orig4KiB                0.949    25.083    24.527    19.088    30.504
  W5:overwrite4K_orig1MiB                1.141    26.889    27.684    20.661    32.127
  W5:overwrite4K_orig16MiB               1.317    46.809    93.769    40.855    73.309
  W6:writes_x1                           1.128    57.353    39.022    28.222    43.541
  W6:writes_x10                          1.233    58.802    39.057    34.394    42.994
  W6:writes_x100                         1.481    60.496    39.973    35.929    43.642
  W6:writes_x1000                        3.079    84.561    42.472    58.450    46.738
  W7:files_x1                            0.936    55.234    32.604    29.544    36.603
  W7:files_x10                           1.116    90.480    31.851    33.207    36.788
  W7:files_x100                          3.118   441.109    49.738    67.313    47.447
  W7:files_x500                         13.178  2237.024   123.598   252.873    75.764
  W8:rename_x1                           0.974    43.315    25.691    25.975    31.467
  W8:rename_x10                          1.088    45.391    37.903    57.980    42.661
  W8:rename_x100                         3.161    74.103   163.077    45.266   154.199
  W8:rename_x500                        12.864   326.119  1922.112   116.379  2086.280
  W9a:single_1KiB                        0.946    23.319    23.782    19.348    32.376
  W9a:single_10KiB                       0.933    24.045    23.355    19.911    32.856
  W9a:single_100KiB                      1.104    26.490    23.570    22.075    30.955
  W9a:single_1MiB                        4.229    52.399    26.605    54.673    35.132
  W9b:entries_x10                        8.043    51.434    27.607    49.935    37.073
  W9b:entries_x100                      59.737   139.168    80.317   141.303    88.062
  W9b:entries_x1000                    575.939  1048.602   654.721  1059.969   660.492
  W10:mem_16MiB                          0.875    56.212    36.494    64.040    55.409
  W10:mem_64MiB                          0.920    75.653    74.990    92.203   139.940
  W10:mem_256MiB                         0.874    70.177   245.750   103.931   470.528
  W10:mem_1GiB                           0.871   132.143   869.841   151.664  1677.483

==============================================================================


[done] RQ3 baseline (overlayfs + CRIU) experiments complete.

══════════════════════════════════════════════════════════
  RQ3 baseline 实验完成 (exit=0)
  结果: /home/xht/桌面/penumbra-work/RQ2/speculative_shadow/experiments/rq3/results/rq3_baseline.json
══════════════════════════════════════════════════════════
# [2026-09-10 01:59:42] END    mode=baseline  exit=0

nohup: 忽略输入
══════════════════════════════════════════════════════════
  RQ3 Performance Experiment Launcher
══════════════════════════════════════════════════════════
[1/7] 清理旧进程和挂载...
[2/7] 准备目录...
[3/7] 构建 benchmark 程序...
make: 进入目录“/home/xht/桌面/penumbra-work/RQ2/speculative_shadow/experiments/rq3/benchmarks”
make: 对“all”无需做任何事。
make: 离开目录“/home/xht/桌面/penumbra-work/RQ2/speculative_shadow/experiments/rq3/benchmarks”
  Done
  FUSE passthrough: OFF（多 epoch 并发轴：避免读错版本 + serve-loop 死锁）
[4/7] 启动 ShadowFS...
  ShadowFS PID=3083 OK
  FUSE 挂载: /tmp/shadow-rq2-test/mnt OK
[5/7] 启动 ShadowProc...
  ShadowProc PID=3125 OK
[6/7] 启动 Orchestrator...
  Orchestrator PID=3178 OK
  Socket: /tmp/shadow-orch.sock OK
  Orchestrator 连接测试: OK
[7/7] 运行 RQ3 实验...

运行实验 A：multi-agent scaling (multi_agent_scaling.py)...
══════════════════════════════════════════════════════════════════════════════
  RQ3 Experiment A — Multi-Agent Scaling
  workloads=['independent', 'partially_shared', 'contended'] agents=[1, 2, 4, 8, 16, 32]
  repeats=3 invocations/agent=20 phases=['structure', 'throughput', 'rollback', 'insertion']
══════════════════════════════════════════════════════════════════════════════
[daemons] {'shadowfs': 3083, 'shadowproc': 3125, 'orchestrator': 3178}

[independent] agents=1 phases=structure,throughput,rollback,insertion
    structure: OK edges=0 branch_preservation=-
    [independent/n=1] rep 1/3: 20/20 invocations in 0.59s -> 33.9 inv/s
    [independent/n=1] rep 2/3: 20/20 invocations in 0.61s -> 33.0 inv/s
    [independent/n=1] rep 3/3: 20/20 invocations in 0.59s -> 34.0 inv/s
    rollback: median=8.19ms max_cascade=1 failed=0 collisions=0
    insertion: edges 5/5 control 0/5 delta=220.6us

[independent] agents=2 phases=structure,throughput,rollback,insertion
    structure: OK edges=0 branch_preservation=OK
    [independent/n=2] rep 1/3: 40/40 invocations in 0.77s -> 52.1 inv/s
    [independent/n=2] rep 2/3: 40/40 invocations in 0.79s -> 50.5 inv/s
    [independent/n=2] rep 3/3: 40/40 invocations in 0.76s -> 52.7 inv/s
    rollback: median=8.73ms max_cascade=1 failed=0 collisions=0
    insertion: edges 5/5 control 0/5 delta=167.3us

[independent] agents=4 phases=structure,throughput,rollback,insertion
    structure: OK edges=0 branch_preservation=OK
    [independent/n=4] rep 1/3: 80/80 invocations in 1.25s -> 64.2 inv/s
    [independent/n=4] rep 2/3: 80/80 invocations in 1.26s -> 63.3 inv/s
    [independent/n=4] rep 3/3: 80/80 invocations in 1.23s -> 64.9 inv/s
    rollback: median=13.94ms max_cascade=1 failed=0 collisions=0
    insertion: edges 5/5 control 0/5 delta=-74.9us

[independent] agents=8 phases=structure,throughput,rollback,insertion
    structure: OK edges=0 branch_preservation=OK
    [independent/n=8] rep 1/3: 160/160 invocations in 2.55s -> 62.7 inv/s
    [independent/n=8] rep 2/3: 160/160 invocations in 2.44s -> 65.5 inv/s
    [independent/n=8] rep 3/3: 160/160 invocations in 2.47s -> 64.8 inv/s
    rollback: median=28.99ms max_cascade=1 failed=0 collisions=0
    insertion: edges 5/5 control 0/5 delta=257.7us

[independent] agents=16 phases=structure,throughput,rollback,insertion
    structure: OK edges=0 branch_preservation=OK
    [independent/n=16] rep 1/3: 320/320 invocations in 4.92s -> 65.0 inv/s
    [independent/n=16] rep 2/3: 320/320 invocations in 4.97s -> 64.4 inv/s
    [independent/n=16] rep 3/3: 320/320 invocations in 4.89s -> 65.5 inv/s
    rollback: median=68.11ms max_cascade=1 failed=0 collisions=0
    insertion: edges 5/5 control 0/5 delta=102.0us

[independent] agents=32 phases=structure,throughput,rollback,insertion
    structure: OK edges=0 branch_preservation=OK
    [independent/n=32] rep 1/3: 640/640 invocations in 10.12s -> 63.3 inv/s
    [independent/n=32] rep 2/3: 640/640 invocations in 10.20s -> 62.7 inv/s
    [independent/n=32] rep 3/3: 640/640 invocations in 10.30s -> 62.2 inv/s
    rollback: median=136.39ms max_cascade=1 failed=0 collisions=0
    insertion: edges 5/5 control 0/5 delta=34.8us

[partially_shared] agents=1 phases=structure,throughput,rollback,insertion
    structure: OK edges=0 branch_preservation=-
    [partially_shared/n=1] rep 1/3: 20/20 invocations in 0.61s -> 32.8 inv/s
    [partially_shared/n=1] rep 2/3: 20/20 invocations in 0.60s -> 33.2 inv/s
    [partially_shared/n=1] rep 3/3: 20/20 invocations in 0.60s -> 33.2 inv/s
    rollback: median=8.57ms max_cascade=1 failed=0 collisions=0
    insertion: edges 5/5 control 0/5 delta=126.8us

[partially_shared] agents=2 phases=structure,throughput,rollback,insertion
    structure: OK edges=1 branch_preservation=OK
    [partially_shared/n=2] rep 1/3: 40/40 invocations in 0.79s -> 50.8 inv/s
    [partially_shared/n=2] rep 2/3: 40/40 invocations in 0.79s -> 50.8 inv/s
    [partially_shared/n=2] rep 3/3: 40/40 invocations in 0.80s -> 49.7 inv/s
    rollback: median=11.08ms max_cascade=2 failed=0 collisions=0
    insertion: edges 5/5 control 0/5 delta=102.5us

[partially_shared] agents=4 phases=structure,throughput,rollback,insertion
    structure: OK edges=2 branch_preservation=OK
    [partially_shared/n=4] rep 1/3: 80/80 invocations in 1.29s -> 61.9 inv/s
    [partially_shared/n=4] rep 2/3: 80/80 invocations in 1.28s -> 62.3 inv/s
    [partially_shared/n=4] rep 3/3: 80/80 invocations in 1.30s -> 61.4 inv/s
    rollback: median=17.43ms max_cascade=2 failed=0 collisions=0
    insertion: edges 5/5 control 0/5 delta=96.0us

[partially_shared] agents=8 phases=structure,throughput,rollback,insertion
    structure: OK edges=4 branch_preservation=OK
    [partially_shared/n=8] rep 1/3: 160/160 invocations in 2.53s -> 63.3 inv/s
    [partially_shared/n=8] rep 2/3: 160/160 invocations in 2.50s -> 64.0 inv/s
    [partially_shared/n=8] rep 3/3: 160/160 invocations in 2.53s -> 63.2 inv/s
    rollback: median=29.53ms max_cascade=2 failed=0 collisions=0
    insertion: edges 5/5 control 0/5 delta=331.7us

[partially_shared] agents=16 phases=structure,throughput,rollback,insertion
    structure: OK edges=8 branch_preservation=OK
    [partially_shared/n=16] rep 1/3: 320/320 invocations in 5.02s -> 63.8 inv/s
    [partially_shared/n=16] rep 2/3: 320/320 invocations in 4.96s -> 64.5 inv/s
    [partially_shared/n=16] rep 3/3: 320/320 invocations in 5.02s -> 63.7 inv/s
    rollback: median=73.34ms max_cascade=2 failed=0 collisions=1
    insertion: edges 5/5 control 0/5 delta=4.7us
    cascade collisions (expected fail-closed EIO/EBADF): 1 (rollback=1 throughput=0)

[partially_shared] agents=32 phases=structure,throughput,rollback,insertion
    structure: OK edges=16 branch_preservation=OK
    [partially_shared/n=32] rep 1/3: 640/640 invocations in 10.26s -> 62.4 inv/s
    [partially_shared/n=32] rep 2/3: 640/640 invocations in 10.41s -> 61.5 inv/s
    [partially_shared/n=32] rep 3/3: 640/640 invocations in 10.43s -> 61.4 inv/s
    rollback: median=145.04ms max_cascade=2 failed=0 collisions=0
    insertion: edges 5/5 control 0/5 delta=13.3us

[contended] agents=1 phases=structure,throughput,rollback,insertion
    structure: OK edges=0 branch_preservation=-
    [contended/n=1] rep 1/3: 20/20 invocations in 0.60s -> 33.5 inv/s
    [contended/n=1] rep 2/3: 20/20 invocations in 0.60s -> 33.2 inv/s
    [contended/n=1] rep 3/3: 20/20 invocations in 0.60s -> 33.5 inv/s
    rollback: median=8.42ms max_cascade=1 failed=0 collisions=0
    insertion: edges 5/5 control 0/5 delta=110.4us

[contended] agents=2 phases=structure,throughput,rollback,insertion
    structure: OK edges=2 branch_preservation=-
    [contended/n=2] rep 1/3: 40/40 invocations in 0.83s -> 48.3 inv/s
    [contended/n=2] rep 2/3: 40/40 invocations in 0.84s -> 47.8 inv/s
    [contended/n=2] rep 3/3: 40/40 invocations in 0.83s -> 48.0 inv/s
    rollback: median=11.52ms max_cascade=2 failed=0 collisions=0
    insertion: edges 5/5 control 0/5 delta=202.1us

[contended] agents=4 phases=structure,throughput,rollback,insertion
    structure: OK edges=12 branch_preservation=-
    [contended/n=4] rep 1/3: 80/80 invocations in 1.42s -> 56.3 inv/s
    [contended/n=4] rep 2/3: 80/80 invocations in 1.42s -> 56.5 inv/s
    [contended/n=4] rep 3/3: 77/80 invocations in 1.40s -> 55.0 inv/s
    rollback: median=21.33ms max_cascade=4 failed=0 collisions=6
    insertion: edges 5/5 control 0/5 delta=-143.1us
    cascade collisions (expected fail-closed EIO/EBADF): 7 (rollback=6 throughput=1)

[contended] agents=8 phases=structure,throughput,rollback,insertion
    structure: OK edges=28 branch_preservation=-
    [contended/n=8] rep 1/3: 160/160 invocations in 2.86s -> 56.0 inv/s
    [contended/n=8] rep 2/3: 160/160 invocations in 2.86s -> 56.0 inv/s
    [contended/n=8] rep 3/3: 160/160 invocations in 2.84s -> 56.3 inv/s
    rollback: median=32.33ms max_cascade=8 failed=0 collisions=16
    insertion: edges 5/5 control 0/5 delta=8.6us
    cascade collisions (expected fail-closed EIO/EBADF): 16 (rollback=16 throughput=0)

[contended] agents=16 phases=structure,throughput,rollback,insertion
    structure: OK edges=60 branch_preservation=-
    [contended/n=16] rep 1/3: 320/320 invocations in 5.94s -> 53.9 inv/s
    [contended/n=16] rep 2/3: 320/320 invocations in 5.99s -> 53.4 inv/s
    [contended/n=16] rep 3/3: 320/320 invocations in 5.92s -> 54.0 inv/s
    rollback: median=83.60ms max_cascade=16 failed=0 collisions=33
    insertion: edges 5/5 control 0/5 delta=216.1us
    cascade collisions (expected fail-closed EIO/EBADF): 33 (rollback=33 throughput=0)

[contended] agents=32 phases=structure,throughput,rollback,insertion
    structure: OK edges=124 branch_preservation=-
    [contended/n=32] rep 1/3: 640/640 invocations in 12.09s -> 52.9 inv/s
    [contended/n=32] rep 2/3: 640/640 invocations in 12.19s -> 52.5 inv/s
    [contended/n=32] rep 3/3: 640/640 invocations in 12.25s -> 52.2 inv/s
    rollback: median=165.44ms max_cascade=32 failed=0 collisions=26
    insertion: edges 5/5 control 0/5 delta=131.2us
    cascade collisions (expected fail-closed EIO/EBADF): 26 (rollback=26 throughput=0)

[save] Results written to ./results/multi_agent_scaling.json

══════════════════════════════════════════════════════════════════════════════════════════════════════════════════════════════════════════
  SUMMARY — Experiment A: Multi-Agent Scaling
══════════════════════════════════════════════════════════════════════════════════════════════════════════════════════════════════════════
Workload            N    inv/s    spd   eff%    begin   commit  authz-fin  rollback  edg/inv  FScpu%  ORcpu%  heapMB  str   br  coll  err
──────────────────────────────────────────────────────────────────────────────────────────────────────────────────────────────────────────
independent         1     33.9   1.00    100     6.73        -       4.29      8.19     0.00       7      10     1.2   OK    -     0    0
independent         2     52.1   1.54     77     7.17        -       5.33      8.73     0.00      10      19     2.1   OK   OK     0    0
independent         4     64.2   1.89     47    12.44        -       6.76     13.94     0.00      15      32     2.4   OK   OK     0    0
independent         8     64.8   1.91     24    42.05        -       7.65     28.99     0.00      19      46     3.1   OK   OK     0    0
independent        16     65.0   1.92     12    99.04        -       7.74     68.11     0.01      21      54     6.0   OK   OK     0    0
independent        32     62.7   1.85      6   213.89        -       7.75    136.39     0.00      23      58     9.1   OK   OK     0    0
partially_shared    1     33.2   1.00    100     7.33        -       4.27      8.57     0.00       8      11    12.0   OK    -     0    0
partially_shared    2     50.8   1.53     76     8.15        -       5.36     11.08     0.53      12      20    18.0   OK   OK     0    0
partially_shared    4     61.9   1.86     47    15.24        -       6.92     17.43     0.23      16      35    13.0   OK   OK     0    0
partially_shared    8     63.3   1.91     24    43.65        -       7.85     29.53     0.21      19      48    13.1   OK   OK     0    0
partially_shared   16     63.8   1.92     12    98.01        -       7.77     73.34     0.13      21      55    21.9   OK   OK     1    0
partially_shared   32     61.5   1.85      6   216.83        -       7.66    145.04     0.24      23      58    14.8   OK   OK     0    0
contended           1     33.5   1.00    100     7.43        -       4.18      8.42     0.00       8      11    22.9   OK    -     0    0
contended           2     48.0   1.43     72     8.14        -       5.36     11.52     0.33      12      21    28.8   OK    -     0    0
contended           4     56.3   1.68     42    14.27        -       7.01     21.33     0.75      20      39    26.4   OK    -     7    0
contended           8     56.0   1.67     21    44.19        -       7.81     32.33     1.49      23      53    27.7   OK    -    16    0
contended          16     53.9   1.61     10   106.11        -       7.66     83.60     2.03      24      57    28.3   OK    -    33    0
contended          32     52.5   1.57      5   229.31        -       7.62    165.44     3.20      26      60    43.6   OK    -    26    0
──────────────────────────────────────────────────────────────────────────────────────────────────────────────────────────────────────────
  latency columns are medians in ms; authz-fin is the orchestrator's
  authz_to_finalized_ms (authorization complete -> group published);
  edg/inv = edge_insertions / measured invocations; heapMB = ShadowFS
  Go heap with every epoch of the structure phase open.
  coll = expected fail-closed EIO/EBADF: a concurrent cascade undid
  this agent's epoch/version mid-setup OR mid-invocation (shared
  workloads, by design); summed over the rollback and throughput
  phases so neither inflates err.
  err = genuine failures only (refused rollback, dropped socket, ...).

[done] Multi-agent scaling experiment complete.
运行实验 B：依赖图形状 scaling (dep_graph_scalability.py)...
══════════════════════════════════════════════════════════════════════════════
  RQ3 Experiment B — Dependency Graph Shape Scaling
  dimensions=[1, 2, 3, 4, 5, 6, 7] repeats=10 max_nodes=64
  chain=[2, 4, 8, 16, 32] fan=[2, 4, 8, 16, 32] scc=[2, 4, 8, 16, 32] concurrent=[1, 4, 8, 16, 32] diamond=[2, 4, 8, 16] decision_chain=8
══════════════════════════════════════════════════════════════════════════════
[daemons] {'shadowfs': 3083, 'shadowproc': 3125, 'orchestrator': 3178}

[D1] Chain topology (linear dependency, cross-epoch)
  [D1] chain length=2 decision=allow
    rep 1/10 done (1.1s)
    rep 2/10 done (1.1s)
    rep 3/10 done (1.1s)
    rep 4/10 done (1.1s)
    rep 5/10 done (1.1s)
    rep 6/10 done (1.1s)
    rep 7/10 done (1.1s)
    rep 8/10 done (1.1s)
    rep 9/10 done (1.1s)
    rep 10/10 done (1.1s)
    commit=28.41ms p95=28.95ms n=10 | nodes=2 edges=1 scc=0/1 heap=31.5MB | topo=OK errors=0
  [D1] chain length=4 decision=allow
    rep 1/10 done (2.2s)
    rep 2/10 done (2.3s)
    rep 3/10 done (2.2s)
    rep 4/10 done (2.3s)
    rep 5/10 done (2.2s)
    rep 6/10 done (2.3s)
    rep 7/10 done (2.3s)
    rep 8/10 done (2.3s)
    rep 9/10 done (2.3s)
    rep 10/10 done (2.3s)
    commit=57.21ms p95=58.26ms n=10 | nodes=4 edges=3 scc=0/1 heap=34.9MB | topo=OK errors=0
  [D1] chain length=8 decision=allow
    rep 1/10 done (4.5s)
    rep 2/10 done (4.5s)
    rep 3/10 done (4.5s)
    rep 4/10 done (4.5s)
    rep 5/10 done (4.5s)
    rep 6/10 done (4.5s)
    rep 7/10 done (4.5s)
    rep 8/10 done (4.5s)
    rep 9/10 done (4.5s)
    rep 10/10 done (4.5s)
    commit=114.92ms p95=117.92ms n=10 | nodes=8 edges=7 scc=0/1 heap=42.0MB | topo=OK errors=0
  [D1] chain length=16 decision=allow
    rep 1/10 done (9.0s)
    rep 2/10 done (9.0s)
    rep 3/10 done (9.0s)
    rep 4/10 done (9.0s)
    rep 5/10 done (9.0s)
    rep 6/10 done (9.0s)
    rep 7/10 done (9.0s)
    rep 8/10 done (9.0s)
    rep 9/10 done (9.0s)
    rep 10/10 done (9.0s)
    commit=227.26ms p95=231.66ms n=10 | nodes=16 edges=15 scc=0/1 heap=38.9MB | topo=OK errors=0
  [D1] chain length=32 decision=allow
    rep 1/10 done (18.0s)
    rep 2/10 done (18.0s)
    rep 3/10 done (18.1s)
    rep 4/10 done (18.1s)
    rep 5/10 done (18.0s)
    rep 6/10 done (18.0s)
    rep 7/10 done (18.0s)
    rep 8/10 done (18.0s)
    rep 9/10 done (18.0s)
    rep 10/10 done (18.0s)
    commit=463.38ms p95=473.75ms n=10 | nodes=32 edges=31 scc=0/1 heap=53.2MB | topo=OK errors=0
  [D1] chain length=2 decision=root-deny
    rep 1/10 done (1.1s)
    rep 2/10 done (1.1s)
    rep 3/10 done (1.1s)
    rep 4/10 done (1.1s)
    rep 5/10 done (1.1s)
    rep 6/10 done (1.1s)
    rep 7/10 done (1.1s)
    rep 8/10 done (1.1s)
    rep 9/10 done (1.1s)
    rep 10/10 done (1.1s)
    cascade-rollback=11.34ms p95=11.70ms n=10 | nodes=2 edges=1 scc=0/1 heap=56.8MB | topo=OK errors=0
  [D1] chain length=4 decision=root-deny
    rep 1/10 done (2.2s)
    rep 2/10 done (2.2s)
    rep 3/10 done (2.2s)
    rep 4/10 done (2.3s)
    rep 5/10 done (2.3s)
    rep 6/10 done (2.2s)
    rep 7/10 done (2.2s)
    rep 8/10 done (2.2s)
    rep 9/10 done (2.2s)
    rep 10/10 done (2.3s)
    cascade-rollback=13.93ms p95=14.11ms n=10 | nodes=4 edges=3 scc=0/1 heap=33.7MB | topo=OK errors=0
  [D1] chain length=8 decision=root-deny
    rep 1/10 done (4.5s)
    rep 2/10 done (4.5s)
    rep 3/10 done (22.7s)
    rep 4/10 done (4.5s)
    rep 5/10 done (4.5s)
    rep 6/10 done (4.4s)
    rep 7/10 done (4.5s)
    rep 8/10 done (4.5s)
    rep 9/10 done (4.5s)
    rep 10/10 done (4.5s)
    cascade-rollback=18.84ms p95=19.10ms n=10 | nodes=8 edges=7 scc=0/1 heap=37.1MB | topo=OK errors=0
  [D1] chain length=16 decision=root-deny
    rep 1/10 done (8.9s)
    rep 2/10 done (8.9s)
    rep 3/10 done (8.9s)
    rep 4/10 done (9.0s)
    rep 5/10 done (9.0s)
    rep 6/10 done (9.0s)
    rep 7/10 done (8.9s)
    rep 8/10 done (8.9s)
    rep 9/10 done (8.9s)
    rep 10/10 done (8.9s)
    cascade-rollback=28.70ms p95=29.16ms n=10 | nodes=16 edges=15 scc=0/1 heap=35.2MB | topo=OK errors=0
  [D1] chain length=32 decision=root-deny
    rep 1/10 done (17.9s)
    rep 2/10 done (17.9s)
    rep 3/10 done (17.8s)
    rep 4/10 done (17.8s)
    rep 5/10 done (17.9s)
    rep 6/10 done (17.8s)
    rep 7/10 done (17.9s)
    rep 8/10 done (17.9s)
    rep 9/10 done (17.7s)
    rep 10/10 done (17.8s)
    cascade-rollback=48.27ms p95=51.93ms n=10 | nodes=32 edges=31 scc=0/1 heap=41.0MB | topo=OK errors=0

[D2] Fan-out / Fan-in topology (cross-epoch)
  [D2] fan-out width=2
    rep 1/10 done (1.7s)
    rep 2/10 done (1.7s)
    rep 3/10 done (1.7s)
    rep 4/10 done (1.7s)
    rep 5/10 done (1.7s)
    rep 6/10 done (1.7s)
    rep 7/10 done (1.7s)
    rep 8/10 done (1.7s)
    rep 9/10 done (1.7s)
    rep 10/10 done (1.7s)
    commit=38.66ms p95=39.43ms n=10 | nodes=3 edges=2 scc=0/1 heap=43.4MB | topo=OK errors=0
  [D2] fan-out width=4
    rep 1/10 done (2.8s)
    rep 2/10 done (2.8s)
    rep 3/10 done (2.8s)
    rep 4/10 done (2.8s)
    rep 5/10 done (2.8s)
    rep 6/10 done (2.8s)
    rep 7/10 done (2.8s)
    rep 8/10 done (2.8s)
    rep 9/10 done (2.8s)
    rep 10/10 done (2.8s)
    commit=62.38ms p95=64.49ms n=10 | nodes=5 edges=4 scc=0/1 heap=35.1MB | topo=OK errors=0
  [D2] fan-out width=8
    rep 1/10 done (5.0s)
    rep 2/10 done (5.0s)
    rep 3/10 done (5.0s)
    rep 4/10 done (5.0s)
    rep 5/10 done (5.0s)
    rep 6/10 done (5.0s)
    rep 7/10 done (5.0s)
    rep 8/10 done (5.0s)
    rep 9/10 done (5.0s)
    rep 10/10 done (5.1s)
    commit=112.39ms p95=122.72ms n=10 | nodes=9 edges=8 scc=0/1 heap=41.7MB | topo=OK errors=0
  [D2] fan-out width=16
    rep 1/10 done (9.5s)
    rep 2/10 done (9.5s)
    rep 3/10 done (9.5s)
    rep 4/10 done (9.4s)
    rep 5/10 done (9.5s)
    rep 6/10 done (9.5s)
    rep 7/10 done (9.5s)
    rep 8/10 done (9.5s)
    rep 9/10 done (9.4s)
    rep 10/10 done (9.5s)
    commit=206.31ms p95=209.64ms n=10 | nodes=17 edges=16 scc=0/1 heap=38.7MB | topo=OK errors=0
  [D2] fan-out width=32
    rep 1/10 done (18.4s)
    rep 2/10 done (18.5s)
    rep 3/10 done (18.4s)
    rep 4/10 done (18.4s)
    rep 5/10 done (18.6s)
    rep 6/10 done (18.4s)
    rep 7/10 done (18.4s)
    rep 8/10 done (18.5s)
    rep 9/10 done (18.4s)
    rep 10/10 done (18.5s)
    commit=406.29ms p95=426.36ms n=10 | nodes=33 edges=32 scc=0/1 heap=50.8MB | topo=OK errors=0
  [D2] fan-in width=2
    rep 1/10 done (1.7s)
    rep 2/10 done (1.7s)
    rep 3/10 done (1.7s)
    rep 4/10 done (1.7s)
    rep 5/10 done (1.7s)
    rep 6/10 done (1.7s)
    rep 7/10 done (1.7s)
    rep 8/10 done (1.7s)
    rep 9/10 done (1.7s)
    rep 10/10 done (1.7s)
    commit=43.38ms p95=52.41ms n=10 | nodes=3 edges=2 scc=0/1 heap=55.6MB | topo=OK errors=0
  [D2] fan-in width=4
    rep 1/10 done (2.8s)
    rep 2/10 done (2.8s)
    rep 3/10 done (2.9s)
    rep 4/10 done (2.8s)
    rep 5/10 done (2.8s)
    rep 6/10 done (2.8s)
    rep 7/10 done (2.8s)
    rep 8/10 done (2.9s)
    rep 9/10 done (2.8s)
    rep 10/10 done (2.8s)
    commit=68.65ms p95=70.00ms n=10 | nodes=5 edges=4 scc=0/1 heap=37.8MB | topo=OK errors=0
  [D2] fan-in width=8
    rep 1/10 done (5.1s)
    rep 2/10 done (5.1s)
    rep 3/10 done (5.0s)
    rep 4/10 done (5.0s)
    rep 5/10 done (5.1s)
    rep 6/10 done (5.1s)
    rep 7/10 done (5.1s)
    rep 8/10 done (5.1s)
    rep 9/10 done (5.1s)
    rep 10/10 done (5.1s)
    commit=125.73ms p95=128.62ms n=10 | nodes=9 edges=8 scc=0/1 heap=45.7MB | topo=OK errors=0
  [D2] fan-in width=16
    rep 1/10 done (9.6s)
    rep 2/10 done (9.6s)
    rep 3/10 done (9.6s)
    rep 4/10 done (9.6s)
    rep 5/10 done (9.6s)
    rep 6/10 done (9.6s)
    rep 7/10 done (9.6s)
    rep 8/10 done (9.6s)
    rep 9/10 done (9.6s)
    rep 10/10 done (9.6s)
    commit=244.04ms p95=251.62ms n=10 | nodes=17 edges=16 scc=0/1 heap=44.0MB | topo=OK errors=0
  [D2] fan-in width=32
    rep 1/10 done (18.6s)
    rep 2/10 done (18.6s)
    rep 3/10 done (18.5s)
    rep 4/10 done (18.5s)
    rep 5/10 done (18.6s)
    rep 6/10 done (18.4s)
    rep 7/10 done (18.5s)
    rep 8/10 done (18.6s)
    rep 9/10 done (18.6s)
    rep 10/10 done (18.6s)
    commit=472.36ms p95=480.73ms n=10 | nodes=33 edges=32 scc=0/1 heap=59.7MB | topo=OK errors=0

[D3] SCC (mutual dependencies, cascade rollback)
  [D3] SCC size=2 (cycle of 2 epochs)
    rep 1/10 done (1.1s)
    rep 2/10 done (1.1s)
    rep 3/10 done (1.1s)
    rep 4/10 done (1.1s)
    rep 5/10 done (1.1s)
    rep 6/10 done (1.1s)
    rep 7/10 done (1.1s)
    rep 8/10 done (1.1s)
    rep 9/10 done (1.1s)
    rep 10/10 done (1.1s)
    cascade-rollback=11.56ms p95=11.97ms n=10 | nodes=2 edges=2 scc=1/2 heap=36.4MB | topo=OK errors=0
  [D3] SCC size=4 (cycle of 4 epochs)
    rep 1/10 done (2.2s)
    rep 2/10 done (2.2s)
    rep 3/10 done (2.2s)
    rep 4/10 done (2.2s)
    rep 5/10 done (2.3s)
    rep 6/10 done (2.3s)
    rep 7/10 done (2.2s)
    rep 8/10 done (2.2s)
    rep 9/10 done (2.2s)
    rep 10/10 done (2.2s)
    cascade-rollback=14.41ms p95=15.99ms n=10 | nodes=4 edges=4 scc=1/4 heap=38.2MB | topo=OK errors=0
  [D3] SCC size=8 (cycle of 8 epochs)
    rep 1/10 done (4.4s)
    rep 2/10 done (4.5s)
    rep 3/10 done (4.5s)
    rep 4/10 done (4.4s)
    rep 5/10 done (4.5s)
    rep 6/10 done (4.5s)
    rep 7/10 done (4.5s)
    rep 8/10 done (4.5s)
    rep 9/10 done (4.5s)
    rep 10/10 done (4.5s)
    cascade-rollback=21.91ms p95=34.30ms n=10 | nodes=8 edges=8 scc=1/8 heap=41.8MB | topo=OK errors=0
  [D3] SCC size=16 (cycle of 16 epochs)
    rep 1/10 done (8.9s)
    rep 2/10 done (8.9s)
    rep 3/10 done (8.9s)
    rep 4/10 done (8.9s)
    rep 5/10 done (9.0s)
    rep 6/10 done (9.0s)
    rep 7/10 done (8.9s)
    rep 8/10 done (8.9s)
    rep 9/10 done (8.9s)
    rep 10/10 done (8.9s)
    cascade-rollback=28.94ms p95=30.69ms n=10 | nodes=16 edges=16 scc=1/16 heap=39.7MB | topo=OK errors=0
  [D3] SCC size=32 (cycle of 32 epochs)
    rep 1/10 done (17.8s)
    rep 2/10 done (17.9s)
    rep 3/10 done (17.9s)
    rep 4/10 done (17.8s)
    rep 5/10 done (17.8s)
    rep 6/10 done (17.8s)
    rep 7/10 done (17.8s)
    rep 8/10 done (17.8s)
    rep 9/10 done (17.8s)
    rep 10/10 done (17.9s)
    cascade-rollback=48.70ms p95=51.26ms n=10 | nodes=32 edges=32 scc=1/32 heap=46.2MB | topo=OK errors=0

[D4] Concurrent agents (shared dependency)
  [D4] agents=1
    rep 1/10 done (1.2s)
    rep 2/10 done (1.1s)
    rep 3/10 done (1.2s)
    rep 4/10 done (1.1s)
    rep 5/10 done (1.1s)
    rep 6/10 done (1.1s)
    rep 7/10 done (1.1s)
    rep 8/10 done (1.2s)
    rep 9/10 done (1.2s)
    rep 10/10 done (1.1s)
    commit=30.92ms p95=42.68ms n=10 | nodes=2 edges=1 scc=0/1 heap=48.3MB | topo=OK errors=0
  [D4] agents=4
    rep 1/10 done (1.2s)
    rep 2/10 done (1.2s)
    rep 3/10 done (1.2s)
    rep 4/10 done (1.2s)
    rep 5/10 done (1.2s)
    rep 6/10 done (1.2s)
    rep 7/10 done (1.2s)
    rep 8/10 done (1.2s)
    rep 9/10 done (1.2s)
    rep 10/10 done (1.2s)
    commit=58.22ms p95=59.57ms n=10 | nodes=5 edges=4 scc=0/1 heap=37.9MB | topo=OK errors=0
  [D4] agents=8
    rep 1/10 done (1.3s)
    rep 2/10 done (1.3s)
    rep 3/10 done (1.3s)
    rep 4/10 done (1.3s)
    rep 5/10 done (1.3s)
    rep 6/10 done (1.3s)
    rep 7/10 done (1.3s)
    rep 8/10 done (1.2s)
    rep 9/10 done (1.2s)
    rep 10/10 done (1.3s)
    commit=101.45ms p95=103.34ms n=10 | nodes=9 edges=8 scc=0/1 heap=45.9MB | topo=OK errors=0
  [D4] agents=16
    rep 1/10 done (1.4s)
    rep 2/10 done (1.4s)
    rep 3/10 done (1.4s)
    rep 4/10 done (1.4s)
    rep 5/10 done (1.4s)
    rep 6/10 done (1.4s)
    rep 7/10 done (1.4s)
    rep 8/10 done (1.4s)
    rep 9/10 done (1.4s)
    rep 10/10 done (1.4s)
    commit=187.18ms p95=201.95ms n=10 | nodes=17 edges=16 scc=0/1 heap=62.7MB | topo=OK errors=0
  [D4] agents=32
    rep 1/10 done (1.7s)
    rep 2/10 done (1.7s)
    rep 3/10 done (1.7s)
    rep 4/10 done (1.7s)
    rep 5/10 done (1.7s)
    rep 6/10 done (1.7s)
    rep 7/10 done (1.7s)
    rep 8/10 done (1.7s)
    rep 9/10 done (1.7s)
    rep 10/10 done (1.7s)
    commit=361.73ms p95=387.45ms n=10 | nodes=33 edges=32 scc=0/1 heap=66.7MB | topo=OK errors=0

[D5] Authorization decisions (chain_size=8)
  [D5] decision=allow
    rep 1/10 done (4.5s)
    rep 2/10 done (4.5s)
    rep 3/10 done (4.5s)
    rep 4/10 done (4.5s)
    rep 5/10 done (4.5s)
    rep 6/10 done (4.5s)
    rep 7/10 done (4.5s)
    rep 8/10 done (4.5s)
    rep 9/10 done (4.6s)
    rep 10/10 done (4.5s)
    commit=116.08ms p95=122.29ms n=10 | nodes=8 edges=7 scc=0/1 heap=41.5MB | topo=OK errors=0
  [D5] decision=root-deny
    rep 1/10 done (4.5s)
    rep 2/10 done (4.5s)
    rep 3/10 done (4.4s)
    rep 4/10 done (4.5s)
    rep 5/10 done (4.5s)
    rep 6/10 done (4.5s)
    rep 7/10 done (4.5s)
    rep 8/10 done (4.5s)
    rep 9/10 done (4.5s)
    rep 10/10 done (4.5s)
    cascade-rollback=19.03ms p95=19.41ms n=10 | nodes=8 edges=7 scc=0/1 heap=45.4MB | topo=OK errors=0
  [D5] decision=middle-deny
    rep 1/10 done (4.5s)
    rep 2/10 done (4.5s)
    rep 3/10 done (4.5s)
    rep 4/10 done (4.5s)
    rep 5/10 done (4.5s)
    rep 6/10 done (4.5s)
    rep 7/10 done (4.5s)
    rep 8/10 done (4.5s)
    rep 9/10 done (4.5s)
    rep 10/10 done (4.5s)
    cascade-rollback=14.10ms p95=14.44ms n=10 | nodes=8 edges=7 scc=0/1 heap=50.8MB | topo=OK errors=0

[D6] Diamond topology (generalized A/B/C/D)
  [D6] diamond width=2 decision=allow
    rep 1/10 done (2.3s)
    rep 2/10 done (2.3s)
    rep 3/10 done (2.3s)
    rep 4/10 done (2.3s)
    rep 5/10 done (2.3s)
    rep 6/10 done (2.3s)
    rep 7/10 done (2.2s)
    rep 8/10 done (2.3s)
    rep 9/10 done (2.3s)
    rep 10/10 done (2.3s)
    commit=55.10ms p95=56.12ms n=10 | nodes=4 edges=4 scc=0/1 heap=40.0MB | topo=OK errors=0
  [D6] diamond width=4 decision=allow
    rep 1/10 done (3.4s)
    rep 2/10 done (3.4s)
    rep 3/10 done (3.4s)
    rep 4/10 done (3.4s)
    rep 5/10 done (3.4s)
    rep 6/10 done (3.4s)
    rep 7/10 done (3.4s)
    rep 8/10 done (3.4s)
    rep 9/10 done (3.4s)
    rep 10/10 done (3.4s)
    commit=85.81ms p95=92.62ms n=10 | nodes=6 edges=8 scc=0/1 heap=45.2MB | topo=OK errors=0
  [D6] diamond width=8 decision=allow
    rep 1/10 done (5.7s)
    rep 2/10 done (5.7s)
    rep 3/10 done (5.6s)
    rep 4/10 done (5.6s)
    rep 5/10 done (5.6s)
    rep 6/10 done (5.7s)
    rep 7/10 done (5.7s)
    rep 8/10 done (5.7s)
    rep 9/10 done (5.7s)
    rep 10/10 done (5.7s)
    commit=139.73ms p95=145.51ms n=10 | nodes=10 edges=16 scc=0/1 heap=54.6MB | topo=OK errors=0
  [D6] diamond width=16 decision=allow
    rep 1/10 done (10.2s)
    rep 2/10 done (10.2s)
    rep 3/10 done (10.2s)
    rep 4/10 done (10.2s)
    rep 5/10 done (10.2s)
    rep 6/10 done (10.2s)
    rep 7/10 done (10.2s)
    rep 8/10 done (10.2s)
    rep 9/10 done (10.2s)
    rep 10/10 done (10.2s)
    commit=257.41ms p95=269.79ms n=10 | nodes=18 edges=32 scc=0/1 heap=55.3MB | topo=OK errors=0
  [D6] diamond width=2 decision=root-deny
    rep 1/10 done (2.2s)
    rep 2/10 done (2.2s)
    rep 3/10 done (2.3s)
    rep 4/10 done (2.2s)
    rep 5/10 done (2.2s)
    rep 6/10 done (2.2s)
    rep 7/10 done (2.2s)
    rep 8/10 done (2.2s)
    rep 9/10 done (2.2s)
    rep 10/10 done (2.2s)
    cascade-rollback=14.30ms p95=16.34ms n=10 | nodes=4 edges=4 scc=0/1 heap=58.1MB | topo=OK errors=0
  [D6] diamond width=4 decision=root-deny
    rep 1/10 done (3.4s)
    rep 2/10 done (3.3s)
    rep 3/10 done (3.3s)
    rep 4/10 done (3.4s)
    rep 5/10 done (3.4s)
    rep 6/10 done (3.3s)
    rep 7/10 done (3.4s)
    rep 8/10 done (3.4s)
    rep 9/10 done (3.4s)
    rep 10/10 done (3.4s)
    cascade-rollback=17.56ms p95=23.86ms n=10 | nodes=6 edges=8 scc=0/1 heap=40.9MB | topo=OK errors=0
  [D6] diamond width=8 decision=root-deny
    rep 1/10 done (5.6s)
    rep 2/10 done (5.6s)
    rep 3/10 done (5.6s)
    rep 4/10 done (5.6s)
    rep 5/10 done (5.6s)
    rep 6/10 done (5.6s)
    rep 7/10 done (5.6s)
    rep 8/10 done (5.6s)
    rep 9/10 done (5.6s)
    rep 10/10 done (5.6s)
    cascade-rollback=21.46ms p95=21.76ms n=10 | nodes=10 edges=16 scc=0/1 heap=45.7MB | topo=OK errors=0
  [D6] diamond width=16 decision=root-deny
    rep 1/10 done (10.1s)
    rep 2/10 done (10.0s)
    rep 3/10 done (10.1s)
    rep 4/10 done (10.1s)
    rep 5/10 done (10.1s)
    rep 6/10 done (10.1s)
    rep 7/10 done (10.0s)
    rep 8/10 done (10.1s)
    rep 9/10 done (10.1s)
    rep 10/10 done (10.1s)
    cascade-rollback=31.54ms p95=34.32ms n=10 | nodes=18 edges=32 scc=0/1 heap=45.0MB | topo=OK errors=0

[D7] SCC publication (atomic release of a cycle)
  [D7] SCC publish size=2 (cycle of 2 epochs)
    rep 1/10 done (1.1s)
    rep 2/10 done (1.2s)
    rep 3/10 done (1.2s)
    rep 4/10 done (1.1s)
    rep 5/10 done (1.2s)
    rep 6/10 done (1.2s)
    rep 7/10 done (1.1s)
    rep 8/10 done (1.2s)
    rep 9/10 done (1.2s)
    rep 10/10 done (1.1s)
    commit=37.90ms p95=38.59ms n=10 | nodes=2 edges=2 scc=1/2 heap=47.1MB | topo=OK errors=0
    finalization wait: mean=29.98ms p95=37.93ms max=38.52ms parked=10 attempts_max=2 revalidations=0 toctou=0
  [D7] SCC publish size=4 (cycle of 4 epochs)
    rep 1/10 done (2.2s)
    rep 2/10 done (2.3s)
    rep 3/10 done (2.3s)
    rep 4/10 done (2.3s)
    rep 5/10 done (2.3s)
    rep 6/10 done (2.2s)
    rep 7/10 done (2.3s)
    rep 8/10 done (2.3s)
    rep 9/10 done (2.3s)
    rep 10/10 done (2.3s)
    commit=56.62ms p95=57.76ms n=10 | nodes=4 edges=4 scc=1/4 heap=51.1MB | topo=OK errors=0
    finalization wait: mean=46.99ms p95=56.75ms max=57.28ms parked=30 attempts_max=2 revalidations=0 toctou=0
  [D7] SCC publish size=8 (cycle of 8 epochs)
    rep 1/10 done (4.5s)
    rep 2/10 done (4.5s)
    rep 3/10 done (4.5s)
    rep 4/10 done (4.5s)
    rep 5/10 done (4.5s)
    rep 6/10 done (4.5s)
    rep 7/10 done (4.5s)
    rep 8/10 done (4.5s)
    rep 9/10 done (4.5s)
    rep 10/10 done (4.5s)
    commit=88.46ms p95=94.61ms n=10 | nodes=8 edges=8 scc=1/8 heap=43.8MB | topo=OK errors=0
    finalization wait: mean=70.78ms p95=85.53ms max=96.22ms parked=70 attempts_max=2 revalidations=0 toctou=0
  [D7] SCC publish size=16 (cycle of 16 epochs)
    rep 1/10 done (9.0s)
    rep 2/10 done (9.0s)
    rep 3/10 done (9.0s)
    rep 4/10 done (8.9s)
    rep 5/10 done (8.9s)
    rep 6/10 done (9.0s)
    rep 7/10 done (9.0s)
    rep 8/10 done (8.9s)
    rep 9/10 done (9.0s)
    rep 10/10 done (9.0s)
    commit=173.62ms p95=187.25ms n=10 | nodes=16 edges=16 scc=1/16 heap=70.3MB | topo=OK errors=0
    finalization wait: mean=138.30ms p95=165.00ms max=193.21ms parked=150 attempts_max=2 revalidations=0 toctou=0
  [D7] SCC publish size=32 (cycle of 32 epochs)
    rep 1/10 done (17.9s)
    rep 2/10 done (18.0s)
    rep 3/10 done (17.9s)
    rep 4/10 done (138.0s)
    rep 5/10 done (17.9s)
    rep 6/10 done (17.9s)
    rep 7/10 done (17.9s)
    rep 8/10 done (138.0s)
    rep 9/10 done (137.9s)
    rep 10/10 done (17.9s)
    commit=362.05ms p95=401.34ms n=10 | nodes=36 edges=32 scc=1/32 heap=69.6MB | topo=OK errors=7
    finalization wait: mean=282.37ms p95=328.01ms max=408.57ms parked=310 attempts_max=2 revalidations=0 toctou=0

[save] Results written to ./results/dep_graph_scalability.json

══════════════════════════════════════════════════════════════════════════════════════════════════════════════════════
  SUMMARY — dependency graph shape scaling
══════════════════════════════════════════════════════════════════════════════════════════════════════════════════════
Dim Topology     Sz  Nd Decision      Op                mean(ms)  p95(ms) wait(ms)  E/inv    SCC  HeapMBTopo   Err
──────────────────────────────────────────────────────────────────────────────────────────────────────────────────────
D1  chain         2   2 allow         commit              28.408   28.950   14.187   0.33    0/1    31.5OK       0
D1  chain         4   4 allow         commit              57.211   58.258   14.288   0.43    0/1    34.9OK       0
D1  chain         8   8 allow         commit             114.919  117.919   14.351   0.47    0/1    42.0OK       0
D1  chain        16  16 allow         commit             227.263  231.660   14.190   0.48    0/1    38.9OK       0
D1  chain        32  32 allow         commit             463.381  473.750   14.467   0.49    0/1    53.2OK       0
D1  chain         2   2 root-deny     cascade-rollback    11.337   11.696        -   0.33    0/1    56.8OK       0
D1  chain         4   4 root-deny     cascade-rollback    13.928   14.112        -   0.43    0/1    33.7OK       0
D1  chain         8   8 root-deny     cascade-rollback    18.836   19.102        -   0.47    0/1    37.1OK       0
D1  chain        16  16 root-deny     cascade-rollback    28.699   29.157        -   0.48    0/1    35.2OK       0
D1  chain        32  32 root-deny     cascade-rollback    48.272   51.926        -   0.49    0/1    41.0OK       0
D2  fan-out       2   3 allow         commit              38.655   39.434   12.869   0.67    0/1    43.4OK       0
D2  fan-out       4   5 allow         commit              62.383   64.494   12.463   0.80    0/1    35.1OK       0
D2  fan-out       8   9 allow         commit             112.394  122.722   12.474   0.89    0/1    41.7OK       0
D2  fan-out      16  17 allow         commit             206.313  209.636   12.122   0.94    0/1    38.7OK       0
D2  fan-out      32  33 allow         commit             406.285  426.364   12.298   0.97    0/1    50.8OK       0
D2  fan-in        2   3 allow         commit              43.377   52.412   14.443   0.50    0/1    55.6OK       0
D2  fan-in        4   5 allow         commit              68.650   69.998   13.715   0.50    0/1    37.8OK       0
D2  fan-in        8   9 allow         commit             125.735  128.622   13.956   0.50    0/1    45.7OK       0
D2  fan-in       16  17 allow         commit             244.036  251.623   14.341   0.50    0/1    44.0OK       0
D2  fan-in       32  33 allow         commit             472.360  480.729   14.300   0.50    0/1    59.7OK       0
D3  scc           2   2 rollback-cascadecascade-rollback    11.565   11.974        -   0.50    1/2    36.4OK       0
D3  scc           4   4 rollback-cascadecascade-rollback    14.406   15.995        -   0.50    1/4    38.2OK       0
D3  scc           8   8 rollback-cascadecascade-rollback    21.909   34.303        -   0.50    1/8    41.8OK       0
D3  scc          16  16 rollback-cascadecascade-rollback    28.942   30.688        -   0.50   1/16    39.7OK       0
D3  scc          32  32 rollback-cascadecascade-rollback    48.701   51.256        -   0.50   1/32    46.2OK       0
D4  concurrent    1   2 allow         commit              30.923   42.678   15.297   0.33    0/1    48.3OK       0
D4  concurrent    4   5 allow         commit              58.218   59.567   29.222   0.44    0/1    37.9OK       0
D4  concurrent    8   9 allow         commit             101.452  103.343   52.178   0.47    0/1    45.9OK       0
D4  concurrent   16  17 allow         commit             187.183  201.947   98.482   0.48    0/1    62.7OK       0
D4  concurrent   32  33 allow         commit             361.730  387.449  193.570   0.49    0/1    66.7OK       0
D5  chain         8   8 allow         commit             116.081  122.285   14.495   0.47    0/1    41.5OK       0
D5  chain         8   8 root-deny     cascade-rollback    19.034   19.410        -   0.47    0/1    45.4OK       0
D5  chain         8   8 middle-deny   cascade-rollback    14.098   14.441   14.253   0.47    0/1    50.8OK       0
D6  diamond       2   4 allow         commit              55.096   56.121   13.759   0.57    0/1    40.0OK       0
D6  diamond       4   6 allow         commit              85.807   92.617   14.286   0.62    0/1    45.2OK       0
D6  diamond       8  10 allow         commit             139.729  145.506   13.958   0.64    0/1    54.6OK       0
D6  diamond      16  18 allow         commit             257.414  269.792   14.287   0.65    0/1    55.3OK       0
D6  diamond       2   4 root-deny     cascade-rollback    14.300   16.342        -   0.57    0/1    58.1OK       0
D6  diamond       4   6 root-deny     cascade-rollback    17.557   23.857        -   0.62    0/1    40.9OK       0
D6  diamond       8  10 root-deny     cascade-rollback    21.456   21.756        -   0.64    0/1    45.7OK       0
D6  diamond      16  18 root-deny     cascade-rollback    31.542   34.315        -   0.65    0/1    45.0OK       0
D7  scc           2   2 publish       commit              37.898   38.587   29.977   0.50    1/2    47.1OK       0
D7  scc           4   4 publish       commit              56.620   57.761   46.986   0.50    1/4    51.1OK       0
D7  scc           8   8 publish       commit              88.460   94.615   70.781   0.50    1/8    43.8OK       0
D7  scc          16  16 publish       commit             173.623  187.251  138.296   0.50   1/16    70.3OK       0
D7  scc          32  32 publish       commit             362.045  401.345  282.366   0.50   1/32    69.6OK       7

──────────────────────────────────────────────────────────────────────────────────────────────────────────────────────
  GRAPH COUNTERS / DAEMON RESOURCES (whole configuration, all repeats)
──────────────────────────────────────────────────────────────────────────────────────────────────────────────────────
  D1 chain nodes=2 decision=allow wall=11.3s
    peak  : epochs=2 edges=1 versions=2 objects=2 scc=2 cyclic=0 max_scc=1 heap=31.5MB
    work  : edges=10 invocations=30 edges/inv=0.33 scc_sweeps=100 scc_us/sweep=3.3 affected_q=30 affected_us/q=3.2 prepare=20 finalize=20 finalized_nodes=20
    undo  : rollbacks=0 rollback_us/call=0.0 rollback_nodes=0 toctou_rejected=0 orch_revalidations=0 cascaded_mean=-
    publish: parked=0 attempts_max=1 wait_ms_mean=14.19 drain_ms_mean=-
    daemons: cpu%=3.803 shadowfs=0.973/73.875MB shadowproc=1.238/7.195MB orchestrator=1.592/35.141MB wall=11.304825
  D1 chain nodes=4 decision=allow wall=22.6s
    peak  : epochs=4 edges=3 versions=4 objects=4 scc=4 cyclic=0 max_scc=1 heap=34.9MB
    work  : edges=30 invocations=70 edges/inv=0.43 scc_sweeps=200 scc_us/sweep=4.0 affected_q=50 affected_us/q=3.5 prepare=40 finalize=40 finalized_nodes=40
    undo  : rollbacks=0 rollback_us/call=0.0 rollback_nodes=0 toctou_rejected=0 orch_revalidations=0 cascaded_mean=-
    publish: parked=0 attempts_max=1 wait_ms_mean=14.29 drain_ms_mean=-
    daemons: cpu%=3.495 shadowfs=0.752/52.516MB shadowproc=1.239/7.195MB orchestrator=1.504/35.141MB wall=22.607205
  D1 chain nodes=8 decision=allow wall=45.1s
    peak  : epochs=8 edges=7 versions=8 objects=8 scc=8 cyclic=0 max_scc=1 heap=42.0MB
    work  : edges=70 invocations=150 edges/inv=0.47 scc_sweeps=400 scc_us/sweep=5.6 affected_q=90 affected_us/q=3.6 prepare=80 finalize=80 finalized_nodes=80
    undo  : rollbacks=0 rollback_us/call=0.0 rollback_nodes=0 toctou_rejected=0 orch_revalidations=0 cascaded_mean=-
    publish: parked=0 attempts_max=1 wait_ms_mean=14.35 drain_ms_mean=-
    daemons: cpu%=3.418 shadowfs=0.688/56.355MB shadowproc=1.243/7.195MB orchestrator=1.487/35.184MB wall=45.064937
  D1 chain nodes=16 decision=allow wall=90.1s
    peak  : epochs=16 edges=15 versions=16 objects=16 scc=16 cyclic=0 max_scc=1 heap=38.9MB
    work  : edges=150 invocations=310 edges/inv=0.48 scc_sweeps=800 scc_us/sweep=8.4 affected_q=170 affected_us/q=6.1 prepare=160 finalize=160 finalized_nodes=160
    undo  : rollbacks=0 rollback_us/call=0.0 rollback_nodes=0 toctou_rejected=0 orch_revalidations=0 cascaded_mean=-
    publish: parked=0 attempts_max=1 wait_ms_mean=14.19 drain_ms_mean=-
    daemons: cpu%=3.475 shadowfs=0.722/64.07MB shadowproc=1.277/7.195MB orchestrator=1.476/35.285MB wall=90.084158
  D1 chain nodes=32 decision=allow wall=180.3s
    peak  : epochs=32 edges=31 versions=32 objects=32 scc=32 cyclic=0 max_scc=1 heap=53.2MB
    work  : edges=310 invocations=630 edges/inv=0.49 scc_sweeps=1600 scc_us/sweep=12.8 affected_q=330 affected_us/q=9.6 prepare=320 finalize=320 finalized_nodes=320
    undo  : rollbacks=0 rollback_us/call=0.0 rollback_nodes=0 toctou_rejected=0 orch_revalidations=0 cascaded_mean=-
    publish: parked=0 attempts_max=1 wait_ms_mean=14.47 drain_ms_mean=-
    daemons: cpu%=3.545 shadowfs=0.721/69.789MB shadowproc=1.348/7.219MB orchestrator=1.476/35.379MB wall=180.265961
  D1 chain nodes=2 decision=root-deny wall=11.3s
    peak  : epochs=2 edges=1 versions=2 objects=2 scc=2 cyclic=0 max_scc=1 heap=56.8MB
    work  : edges=10 invocations=30 edges/inv=0.33 scc_sweeps=0 scc_us/sweep=0.0 affected_q=30 affected_us/q=3.1 prepare=0 finalize=0 finalized_nodes=0
    undo  : rollbacks=20 rollback_us/call=743.5 rollback_nodes=20 toctou_rejected=0 orch_revalidations=0 cascaded_mean=2.0
    publish: parked=0 attempts_max=0 wait_ms_mean=- drain_ms_mean=-
    daemons: cpu%=3.552 shadowfs=0.622/70.195MB shadowproc=1.243/7.219MB orchestrator=1.687/35.383MB wall=11.262182
  D1 chain nodes=4 decision=root-deny wall=22.4s
    peak  : epochs=4 edges=3 versions=4 objects=4 scc=4 cyclic=0 max_scc=1 heap=33.7MB
    work  : edges=30 invocations=70 edges/inv=0.43 scc_sweeps=0 scc_us/sweep=0.0 affected_q=50 affected_us/q=3.3 prepare=0 finalize=0 finalized_nodes=0
    undo  : rollbacks=40 rollback_us/call=454.8 rollback_nodes=40 toctou_rejected=0 orch_revalidations=0 cascaded_mean=4.0
    publish: parked=0 attempts_max=0 wait_ms_mean=- drain_ms_mean=-
    daemons: cpu%=3.656 shadowfs=0.713/70.895MB shadowproc=1.293/7.219MB orchestrator=1.65/35.391MB wall=22.426066
  D1 chain nodes=8 decision=root-deny wall=63.0s
    peak  : epochs=8 edges=7 versions=8 objects=8 scc=8 cyclic=0 max_scc=1 heap=37.1MB
    work  : edges=70 invocations=150 edges/inv=0.47 scc_sweeps=0 scc_us/sweep=0.0 affected_q=90 affected_us/q=3.8 prepare=0 finalize=0 finalized_nodes=0
    undo  : rollbacks=80 rollback_us/call=312.3 rollback_nodes=80 toctou_rejected=0 orch_revalidations=0 cascaded_mean=8.0
    publish: parked=0 attempts_max=0 wait_ms_mean=- drain_ms_mean=-
    daemons: cpu%=3.508 shadowfs=0.559/71.176MB shadowproc=1.318/7.219MB orchestrator=1.631/35.395MB wall=44.756894
  D1 chain nodes=16 decision=root-deny wall=89.4s
    peak  : epochs=16 edges=15 versions=16 objects=16 scc=16 cyclic=0 max_scc=1 heap=35.2MB
    work  : edges=150 invocations=310 edges/inv=0.48 scc_sweeps=0 scc_us/sweep=0.0 affected_q=170 affected_us/q=6.0 prepare=0 finalize=0 finalized_nodes=0
    undo  : rollbacks=160 rollback_us/call=238.8 rollback_nodes=160 toctou_rejected=0 orch_revalidations=0 cascaded_mean=16.0
    publish: parked=0 attempts_max=0 wait_ms_mean=- drain_ms_mean=-
    daemons: cpu%=3.513 shadowfs=0.559/71.277MB shadowproc=1.343/7.219MB orchestrator=1.611/35.398MB wall=89.381841
  D1 chain nodes=32 decision=root-deny wall=178.3s
    peak  : epochs=32 edges=31 versions=32 objects=32 scc=32 cyclic=0 max_scc=1 heap=41.0MB
    work  : edges=310 invocations=630 edges/inv=0.49 scc_sweeps=0 scc_us/sweep=0.0 affected_q=330 affected_us/q=8.9 prepare=0 finalize=0 finalized_nodes=0
    undo  : rollbacks=320 rollback_us/call=207.3 rollback_nodes=320 toctou_rejected=0 orch_revalidations=0 cascaded_mean=32.0
    publish: parked=0 attempts_max=0 wait_ms_mean=- drain_ms_mean=-
    daemons: cpu%=3.607 shadowfs=0.55/62.574MB shadowproc=1.447/7.219MB orchestrator=1.61/35.402MB wall=178.289124
  D2 fan-out nodes=3 decision=allow wall=16.8s
    peak  : epochs=3 edges=2 versions=1 objects=1 scc=3 cyclic=0 max_scc=1 heap=43.4MB
    work  : edges=20 invocations=30 edges/inv=0.67 scc_sweeps=150 scc_us/sweep=3.3 affected_q=40 affected_us/q=3.1 prepare=30 finalize=30 finalized_nodes=30
    undo  : rollbacks=0 rollback_us/call=0.0 rollback_nodes=0 toctou_rejected=0 orch_revalidations=0 cascaded_mean=-
    publish: parked=0 attempts_max=1 wait_ms_mean=12.87 drain_ms_mean=-
    daemons: cpu%=3.391 shadowfs=0.595/62.574MB shadowproc=1.19/7.219MB orchestrator=1.606/35.402MB wall=16.807492
  D2 fan-out nodes=5 decision=allow wall=28.0s
    peak  : epochs=5 edges=4 versions=1 objects=1 scc=5 cyclic=0 max_scc=1 heap=35.1MB
    work  : edges=40 invocations=50 edges/inv=0.80 scc_sweeps=250 scc_us/sweep=3.9 affected_q=60 affected_us/q=3.3 prepare=50 finalize=50 finalized_nodes=50
    undo  : rollbacks=0 rollback_us/call=0.0 rollback_nodes=0 toctou_rejected=0 orch_revalidations=0 cascaded_mean=-
    publish: parked=0 attempts_max=1 wait_ms_mean=12.46 drain_ms_mean=-
    daemons: cpu%=3.254 shadowfs=0.572/62.574MB shadowproc=1.216/7.219MB orchestrator=1.466/35.43MB wall=27.958823
  D2 fan-out nodes=9 decision=allow wall=50.2s
    peak  : epochs=9 edges=8 versions=1 objects=1 scc=9 cyclic=0 max_scc=1 heap=41.7MB
    work  : edges=80 invocations=90 edges/inv=0.89 scc_sweeps=450 scc_us/sweep=4.5 affected_q=100 affected_us/q=3.4 prepare=90 finalize=90 finalized_nodes=90
    undo  : rollbacks=0 rollback_us/call=0.0 rollback_nodes=0 toctou_rejected=0 orch_revalidations=0 cascaded_mean=-
    publish: parked=0 attempts_max=1 wait_ms_mean=12.47 drain_ms_mean=-
    daemons: cpu%=3.227 shadowfs=0.498/62.711MB shadowproc=1.255/7.219MB orchestrator=1.474/35.512MB wall=50.21355
  D2 fan-out nodes=17 decision=allow wall=94.7s
    peak  : epochs=17 edges=16 versions=1 objects=1 scc=17 cyclic=0 max_scc=1 heap=38.7MB
    work  : edges=160 invocations=170 edges/inv=0.94 scc_sweeps=850 scc_us/sweep=6.4 affected_q=180 affected_us/q=3.4 prepare=170 finalize=170 finalized_nodes=170
    undo  : rollbacks=0 rollback_us/call=0.0 rollback_nodes=0 toctou_rejected=0 orch_revalidations=0 cascaded_mean=-
    publish: parked=0 attempts_max=1 wait_ms_mean=12.12 drain_ms_mean=-
    daemons: cpu%=3.284 shadowfs=0.496/64.996MB shadowproc=1.331/7.219MB orchestrator=1.457/35.535MB wall=94.685325
  D2 fan-out nodes=33 decision=allow wall=184.5s
    peak  : epochs=33 edges=32 versions=1 objects=1 scc=33 cyclic=0 max_scc=1 heap=50.8MB
    work  : edges=320 invocations=330 edges/inv=0.97 scc_sweeps=1650 scc_us/sweep=9.3 affected_q=340 affected_us/q=3.2 prepare=330 finalize=330 finalized_nodes=330
    undo  : rollbacks=0 rollback_us/call=0.0 rollback_nodes=0 toctou_rejected=0 orch_revalidations=0 cascaded_mean=-
    publish: parked=0 attempts_max=1 wait_ms_mean=12.30 drain_ms_mean=-
    daemons: cpu%=3.328 shadowfs=0.493/67.301MB shadowproc=1.393/7.223MB orchestrator=1.442/35.57MB wall=184.519964
  D2 fan-in nodes=3 decision=allow wall=17.0s
    peak  : epochs=3 edges=2 versions=2 objects=2 scc=3 cyclic=0 max_scc=1 heap=55.6MB
    work  : edges=20 invocations=40 edges/inv=0.50 scc_sweeps=150 scc_us/sweep=3.4 affected_q=40 affected_us/q=3.0 prepare=30 finalize=30 finalized_nodes=30
    undo  : rollbacks=0 rollback_us/call=0.0 rollback_nodes=0 toctou_rejected=0 orch_revalidations=0 cascaded_mean=-
    publish: parked=0 attempts_max=1 wait_ms_mean=14.44 drain_ms_mean=-
    daemons: cpu%=3.587 shadowfs=0.764/68.648MB shadowproc=1.235/7.223MB orchestrator=1.588/35.586MB wall=17.005089
  D2 fan-in nodes=5 decision=allow wall=28.2s
    peak  : epochs=5 edges=4 versions=4 objects=4 scc=5 cyclic=0 max_scc=1 heap=37.8MB
    work  : edges=40 invocations=80 edges/inv=0.50 scc_sweeps=250 scc_us/sweep=4.7 affected_q=60 affected_us/q=3.2 prepare=50 finalize=50 finalized_nodes=50
    undo  : rollbacks=0 rollback_us/call=0.0 rollback_nodes=0 toctou_rejected=0 orch_revalidations=0 cascaded_mean=-
    publish: parked=0 attempts_max=1 wait_ms_mean=13.71 drain_ms_mean=-
    daemons: cpu%=3.469 shadowfs=0.708/69.871MB shadowproc=1.239/7.223MB orchestrator=1.522/35.625MB wall=28.247172
  D2 fan-in nodes=9 decision=allow wall=50.7s
    peak  : epochs=9 edges=8 versions=8 objects=8 scc=9 cyclic=0 max_scc=1 heap=45.7MB
    work  : edges=80 invocations=160 edges/inv=0.50 scc_sweeps=450 scc_us/sweep=5.2 affected_q=100 affected_us/q=2.6 prepare=90 finalize=90 finalized_nodes=90
    undo  : rollbacks=0 rollback_us/call=0.0 rollback_nodes=0 toctou_rejected=0 orch_revalidations=0 cascaded_mean=-
    publish: parked=0 attempts_max=1 wait_ms_mean=13.96 drain_ms_mean=-
    daemons: cpu%=3.434 shadowfs=0.691/69.875MB shadowproc=1.243/7.223MB orchestrator=1.5/35.684MB wall=50.67832
  D2 fan-in nodes=17 decision=allow wall=95.9s
    peak  : epochs=17 edges=16 versions=16 objects=16 scc=17 cyclic=0 max_scc=1 heap=44.0MB
    work  : edges=160 invocations=320 edges/inv=0.50 scc_sweeps=850 scc_us/sweep=7.4 affected_q=180 affected_us/q=2.7 prepare=170 finalize=170 finalized_nodes=170
    undo  : rollbacks=0 rollback_us/call=0.0 rollback_nodes=0 toctou_rejected=0 orch_revalidations=0 cascaded_mean=-
    publish: parked=0 attempts_max=1 wait_ms_mean=14.34 drain_ms_mean=-
    daemons: cpu%=3.472 shadowfs=0.688/69.879MB shadowproc=1.293/7.223MB orchestrator=1.491/35.727MB wall=95.901067
  D2 fan-in nodes=33 decision=allow wall=185.5s
    peak  : epochs=33 edges=32 versions=32 objects=32 scc=33 cyclic=0 max_scc=1 heap=59.7MB
    work  : edges=320 invocations=640 edges/inv=0.50 scc_sweeps=1650 scc_us/sweep=11.2 affected_q=340 affected_us/q=2.6 prepare=330 finalize=330 finalized_nodes=330
    undo  : rollbacks=0 rollback_us/call=0.0 rollback_nodes=0 toctou_rejected=0 orch_revalidations=0 cascaded_mean=-
    publish: parked=0 attempts_max=1 wait_ms_mean=14.30 drain_ms_mean=-
    daemons: cpu%=3.574 shadowfs=0.717/75.43MB shadowproc=1.369/7.227MB orchestrator=1.488/35.789MB wall=185.534248
  D3 scc nodes=2 decision=rollback-cascade wall=11.2s
    peak  : epochs=2 edges=2 versions=2 objects=2 scc=1 cyclic=1 max_scc=2 heap=36.4MB
    work  : edges=20 invocations=40 edges/inv=0.50 scc_sweeps=0 scc_us/sweep=0.0 affected_q=30 affected_us/q=3.2 prepare=0 finalize=0 finalized_nodes=0
    undo  : rollbacks=20 rollback_us/call=751.0 rollback_nodes=20 toctou_rejected=0 orch_revalidations=0 cascaded_mean=2.0
    publish: parked=0 attempts_max=0 wait_ms_mean=- drain_ms_mean=-
    daemons: cpu%=4.019 shadowfs=0.893/76.121MB shadowproc=1.429/7.227MB orchestrator=1.697/35.789MB wall=11.198224
  D3 scc nodes=4 decision=rollback-cascade wall=22.3s
    peak  : epochs=4 edges=4 versions=4 objects=4 scc=1 cyclic=1 max_scc=4 heap=38.2MB
    work  : edges=40 invocations=80 edges/inv=0.50 scc_sweeps=0 scc_us/sweep=0.0 affected_q=50 affected_us/q=3.9 prepare=0 finalize=0 finalized_nodes=0
    undo  : rollbacks=40 rollback_us/call=469.9 rollback_nodes=40 toctou_rejected=0 orch_revalidations=0 cascaded_mean=4.0
    publish: parked=0 attempts_max=0 wait_ms_mean=- drain_ms_mean=-
    daemons: cpu%=3.583 shadowfs=0.672/76.457MB shadowproc=1.254/7.227MB orchestrator=1.657/35.789MB wall=22.331946
  D3 scc nodes=8 decision=rollback-cascade wall=44.7s
    peak  : epochs=8 edges=8 versions=8 objects=8 scc=1 cyclic=1 max_scc=8 heap=41.8MB
    work  : edges=80 invocations=160 edges/inv=0.50 scc_sweeps=0 scc_us/sweep=0.0 affected_q=90 affected_us/q=4.6 prepare=0 finalize=0 finalized_nodes=0
    undo  : rollbacks=80 rollback_us/call=407.2 rollback_nodes=80 toctou_rejected=0 orch_revalidations=0 cascaded_mean=8.0
    publish: parked=0 attempts_max=0 wait_ms_mean=- drain_ms_mean=-
    daemons: cpu%=3.601 shadowfs=0.559/76.531MB shadowproc=1.387/7.227MB orchestrator=1.655/35.805MB wall=44.700105
  D3 scc nodes=16 decision=rollback-cascade wall=89.3s
    peak  : epochs=16 edges=16 versions=16 objects=16 scc=1 cyclic=1 max_scc=16 heap=39.7MB
    work  : edges=160 invocations=320 edges/inv=0.50 scc_sweeps=0 scc_us/sweep=0.0 affected_q=170 affected_us/q=9.5 prepare=0 finalize=0 finalized_nodes=0
    undo  : rollbacks=160 rollback_us/call=244.3 rollback_nodes=160 toctou_rejected=0 orch_revalidations=0 cascaded_mean=16.0
    publish: parked=0 attempts_max=0 wait_ms_mean=- drain_ms_mean=-
    daemons: cpu%=3.562 shadowfs=0.594/76.539MB shadowproc=1.344/7.227MB orchestrator=1.624/35.82MB wall=89.262147
  D3 scc nodes=32 decision=rollback-cascade wall=178.4s
    peak  : epochs=32 edges=32 versions=32 objects=32 scc=1 cyclic=1 max_scc=32 heap=46.2MB
    work  : edges=320 invocations=640 edges/inv=0.50 scc_sweeps=0 scc_us/sweep=0.0 affected_q=330 affected_us/q=16.0 prepare=0 finalize=0 finalized_nodes=0
    undo  : rollbacks=320 rollback_us/call=201.6 rollback_nodes=320 toctou_rejected=0 orch_revalidations=0 cascaded_mean=32.0
    publish: parked=0 attempts_max=0 wait_ms_mean=- drain_ms_mean=-
    daemons: cpu%=3.65 shadowfs=0.577/66.055MB shadowproc=1.458/7.227MB orchestrator=1.615/35.824MB wall=178.365621
  D4 concurrent nodes=2 decision=allow wall=11.5s
    peak  : epochs=2 edges=1 versions=2 objects=2 scc=2 cyclic=0 max_scc=1 heap=48.3MB
    work  : edges=10 invocations=30 edges/inv=0.33 scc_sweeps=100 scc_us/sweep=3.0 affected_q=20 affected_us/q=3.6 prepare=20 finalize=20 finalized_nodes=20
    undo  : rollbacks=0 rollback_us/call=0.0 rollback_nodes=0 toctou_rejected=0 orch_revalidations=0 cascaded_mean=-
    publish: parked=0 attempts_max=1 wait_ms_mean=15.30 drain_ms_mean=-
    daemons: cpu%=3.576 shadowfs=0.785/66.055MB shadowproc=1.134/7.227MB orchestrator=1.657/35.859MB wall=11.466193
  D4 concurrent nodes=5 decision=allow wall=12.1s
    peak  : epochs=5 edges=4 versions=5 objects=5 scc=5 cyclic=0 max_scc=1 heap=37.9MB
    work  : edges=40 invocations=90 edges/inv=0.44 scc_sweeps=250 scc_us/sweep=4.1 affected_q=20 affected_us/q=5.4 prepare=50 finalize=50 finalized_nodes=50
    undo  : rollbacks=0 rollback_us/call=0.0 rollback_nodes=0 toctou_rejected=0 orch_revalidations=0 cascaded_mean=-
    publish: parked=0 attempts_max=1 wait_ms_mean=29.22 drain_ms_mean=-
    daemons: cpu%=7.617 shadowfs=1.739/66.656MB shadowproc=1.656/7.227MB orchestrator=4.222/36.012MB wall=12.078915
  D4 concurrent nodes=9 decision=allow wall=12.8s
    peak  : epochs=9 edges=8 versions=9 objects=9 scc=9 cyclic=0 max_scc=1 heap=45.9MB
    work  : edges=80 invocations=170 edges/inv=0.47 scc_sweeps=450 scc_us/sweep=5.1 affected_q=20 affected_us/q=8.4 prepare=90 finalize=90 finalized_nodes=90
    undo  : rollbacks=0 rollback_us/call=0.0 rollback_nodes=0 toctou_rejected=0 orch_revalidations=0 cascaded_mean=-
    publish: parked=0 attempts_max=1 wait_ms_mean=52.18 drain_ms_mean=-
    daemons: cpu%=12.295 shadowfs=2.584/66.672MB shadowproc=2.271/7.227MB orchestrator=7.44/36.32MB wall=12.768611
  D4 concurrent nodes=17 decision=allow wall=14.2s
    peak  : epochs=17 edges=16 versions=17 objects=17 scc=17 cyclic=0 max_scc=1 heap=62.7MB
    work  : edges=160 invocations=330 edges/inv=0.48 scc_sweeps=850 scc_us/sweep=7.4 affected_q=20 affected_us/q=15.9 prepare=170 finalize=170 finalized_nodes=170
    undo  : rollbacks=0 rollback_us/call=0.0 rollback_nodes=0 toctou_rejected=0 orch_revalidations=0 cascaded_mean=-
    publish: parked=0 attempts_max=1 wait_ms_mean=98.48 drain_ms_mean=-
    daemons: cpu%=20.984 shadowfs=4.239/77.426MB shadowproc=3.25/7.227MB orchestrator=13.495/36.797MB wall=14.1529
  D4 concurrent nodes=33 decision=allow wall=17.3s
    peak  : epochs=33 edges=32 versions=33 objects=33 scc=33 cyclic=0 max_scc=1 heap=66.7MB
    work  : edges=320 invocations=650 edges/inv=0.49 scc_sweeps=1650 scc_us/sweep=10.4 affected_q=20 affected_us/q=24.3 prepare=330 finalize=330 finalized_nodes=330
    undo  : rollbacks=0 rollback_us/call=0.0 rollback_nodes=0 toctou_rejected=0 orch_revalidations=0 cascaded_mean=-
    publish: parked=0 attempts_max=1 wait_ms_mean=193.57 drain_ms_mean=-
    daemons: cpu%=33.719 shadowfs=7.068/86.152MB shadowproc=4.809/7.234MB orchestrator=21.842/37.992MB wall=17.260313
  D5 chain nodes=8 decision=allow wall=45.3s
    peak  : epochs=8 edges=7 versions=8 objects=8 scc=8 cyclic=0 max_scc=1 heap=41.5MB
    work  : edges=70 invocations=150 edges/inv=0.47 scc_sweeps=400 scc_us/sweep=5.6 affected_q=90 affected_us/q=3.8 prepare=80 finalize=80 finalized_nodes=80
    undo  : rollbacks=0 rollback_us/call=0.0 rollback_nodes=0 toctou_rejected=0 orch_revalidations=0 cascaded_mean=-
    publish: parked=0 attempts_max=1 wait_ms_mean=14.50 drain_ms_mean=-
    daemons: cpu%=3.601 shadowfs=0.817/88.34MB shadowproc=1.237/7.234MB orchestrator=1.547/36.316MB wall=45.261139
  D5 chain nodes=8 decision=root-deny wall=44.8s
    peak  : epochs=8 edges=7 versions=8 objects=8 scc=8 cyclic=0 max_scc=1 heap=45.4MB
    work  : edges=70 invocations=150 edges/inv=0.47 scc_sweeps=0 scc_us/sweep=0.0 affected_q=90 affected_us/q=3.6 prepare=0 finalize=0 finalized_nodes=0
    undo  : rollbacks=80 rollback_us/call=316.2 rollback_nodes=80 toctou_rejected=0 orch_revalidations=0 cascaded_mean=8.0
    publish: parked=0 attempts_max=0 wait_ms_mean=- drain_ms_mean=-
    daemons: cpu%=3.502 shadowfs=0.58/88.359MB shadowproc=1.316/7.234MB orchestrator=1.606/36.328MB wall=44.818218
  D5 chain nodes=8 decision=middle-deny wall=44.9s
    peak  : epochs=8 edges=7 versions=8 objects=8 scc=8 cyclic=0 max_scc=1 heap=50.8MB
    work  : edges=70 invocations=150 edges/inv=0.47 scc_sweeps=200 scc_us/sweep=6.9 affected_q=100 affected_us/q=3.9 prepare=40 finalize=40 finalized_nodes=40
    undo  : rollbacks=40 rollback_us/call=459.1 rollback_nodes=40 toctou_rejected=0 orch_revalidations=0 cascaded_mean=4.0
    publish: parked=0 attempts_max=1 wait_ms_mean=14.25 drain_ms_mean=-
    daemons: cpu%=3.518 shadowfs=0.623/88.367MB shadowproc=1.314/7.234MB orchestrator=1.581/36.336MB wall=44.912018
  D6 diamond nodes=4 decision=allow wall=22.6s
    peak  : epochs=4 edges=4 versions=3 objects=3 scc=4 cyclic=0 max_scc=1 heap=40.0MB
    work  : edges=40 invocations=70 edges/inv=0.57 scc_sweeps=200 scc_us/sweep=4.1 affected_q=50 affected_us/q=3.2 prepare=40 finalize=40 finalized_nodes=40
    undo  : rollbacks=0 rollback_us/call=0.0 rollback_nodes=0 toctou_rejected=0 orch_revalidations=0 cascaded_mean=-
    publish: parked=0 attempts_max=1 wait_ms_mean=13.76 drain_ms_mean=-
    daemons: cpu%=3.622 shadowfs=0.839/88.383MB shadowproc=1.237/7.234MB orchestrator=1.546/36.348MB wall=22.63998
  D6 diamond nodes=6 decision=allow wall=33.9s
    peak  : epochs=6 edges=8 versions=5 objects=5 scc=6 cyclic=0 max_scc=1 heap=45.2MB
    work  : edges=80 invocations=130 edges/inv=0.62 scc_sweeps=300 scc_us/sweep=4.6 affected_q=70 affected_us/q=3.4 prepare=60 finalize=60 finalized_nodes=60
    undo  : rollbacks=0 rollback_us/call=0.0 rollback_nodes=0 toctou_rejected=0 orch_revalidations=0 cascaded_mean=-
    publish: parked=0 attempts_max=1 wait_ms_mean=14.29 drain_ms_mean=-
    daemons: cpu%=3.449 shadowfs=0.678/73.637MB shadowproc=1.238/7.234MB orchestrator=1.533/36.379MB wall=33.91969
  D6 diamond nodes=10 decision=allow wall=56.6s
    peak  : epochs=10 edges=16 versions=9 objects=9 scc=10 cyclic=0 max_scc=1 heap=54.6MB
    work  : edges=160 invocations=250 edges/inv=0.64 scc_sweeps=500 scc_us/sweep=5.5 affected_q=110 affected_us/q=3.6 prepare=100 finalize=100 finalized_nodes=100
    undo  : rollbacks=0 rollback_us/call=0.0 rollback_nodes=0 toctou_rejected=0 orch_revalidations=0 cascaded_mean=-
    publish: parked=0 attempts_max=1 wait_ms_mean=13.96 drain_ms_mean=-
    daemons: cpu%=3.536 shadowfs=0.743/73.641MB shadowproc=1.255/7.234MB orchestrator=1.538/36.414MB wall=56.557873
  D6 diamond nodes=18 decision=allow wall=101.9s
    peak  : epochs=18 edges=32 versions=17 objects=17 scc=18 cyclic=0 max_scc=1 heap=55.3MB
    work  : edges=320 invocations=490 edges/inv=0.65 scc_sweeps=900 scc_us/sweep=7.7 affected_q=190 affected_us/q=3.7 prepare=180 finalize=180 finalized_nodes=180
    undo  : rollbacks=0 rollback_us/call=0.0 rollback_nodes=0 toctou_rejected=0 orch_revalidations=0 cascaded_mean=-
    publish: parked=0 attempts_max=1 wait_ms_mean=14.29 drain_ms_mean=-
    daemons: cpu%=3.641 shadowfs=0.765/73.648MB shadowproc=1.335/7.234MB orchestrator=1.541/36.477MB wall=101.898068
  D6 diamond nodes=4 decision=root-deny wall=22.4s
    peak  : epochs=4 edges=4 versions=3 objects=3 scc=4 cyclic=0 max_scc=1 heap=58.1MB
    work  : edges=40 invocations=70 edges/inv=0.57 scc_sweeps=0 scc_us/sweep=0.0 affected_q=50 affected_us/q=3.6 prepare=0 finalize=0 finalized_nodes=0
    undo  : rollbacks=40 rollback_us/call=419.9 rollback_nodes=40 toctou_rejected=0 orch_revalidations=0 cascaded_mean=4.0
    publish: parked=0 attempts_max=0 wait_ms_mean=- drain_ms_mean=-
    daemons: cpu%=3.53 shadowfs=0.626/73.648MB shadowproc=1.251/7.234MB orchestrator=1.653/36.484MB wall=22.377006
  D6 diamond nodes=6 decision=root-deny wall=33.6s
    peak  : epochs=6 edges=8 versions=5 objects=5 scc=6 cyclic=0 max_scc=1 heap=40.9MB
    work  : edges=80 invocations=130 edges/inv=0.62 scc_sweeps=0 scc_us/sweep=0.0 affected_q=70 affected_us/q=3.7 prepare=0 finalize=0 finalized_nodes=0
    undo  : rollbacks=60 rollback_us/call=331.1 rollback_nodes=60 toctou_rejected=0 orch_revalidations=0 cascaded_mean=6.0
    publish: parked=0 attempts_max=0 wait_ms_mean=- drain_ms_mean=-
    daemons: cpu%=3.57 shadowfs=0.625/74.066MB shadowproc=1.279/7.234MB orchestrator=1.666/36.5MB wall=33.622737
  D6 diamond nodes=10 decision=root-deny wall=56.0s
    peak  : epochs=10 edges=16 versions=9 objects=9 scc=10 cyclic=0 max_scc=1 heap=45.7MB
    work  : edges=160 invocations=250 edges/inv=0.64 scc_sweeps=0 scc_us/sweep=0.0 affected_q=110 affected_us/q=3.6 prepare=0 finalize=0 finalized_nodes=0
    undo  : rollbacks=100 rollback_us/call=273.1 rollback_nodes=100 toctou_rejected=0 orch_revalidations=0 cascaded_mean=10.0
    publish: parked=0 attempts_max=0 wait_ms_mean=- drain_ms_mean=-
    daemons: cpu%=3.588 shadowfs=0.607/74.078MB shadowproc=1.321/7.234MB orchestrator=1.66/36.508MB wall=56.023034
  D6 diamond nodes=18 decision=root-deny wall=100.8s
    peak  : epochs=18 edges=32 versions=17 objects=17 scc=18 cyclic=0 max_scc=1 heap=45.0MB
    work  : edges=320 invocations=490 edges/inv=0.65 scc_sweeps=0 scc_us/sweep=0.0 affected_q=190 affected_us/q=3.8 prepare=0 finalize=0 finalized_nodes=0
    undo  : rollbacks=180 rollback_us/call=244.3 rollback_nodes=180 toctou_rejected=0 orch_revalidations=0 cascaded_mean=18.0
    publish: parked=0 attempts_max=0 wait_ms_mean=- drain_ms_mean=-
    daemons: cpu%=3.631 shadowfs=0.615/74.082MB shadowproc=1.359/7.238MB orchestrator=1.657/36.512MB wall=100.781051
  D7 scc nodes=2 decision=publish wall=11.6s
    peak  : epochs=2 edges=2 versions=2 objects=2 scc=1 cyclic=1 max_scc=2 heap=47.1MB
    work  : edges=20 invocations=40 edges/inv=0.50 scc_sweeps=110 scc_us/sweep=3.5 affected_q=30 affected_us/q=3.6 prepare=30 finalize=50 finalized_nodes=30
    undo  : rollbacks=0 rollback_us/call=0.0 rollback_nodes=0 toctou_rejected=0 orch_revalidations=0 cascaded_mean=-
    publish: parked=10 attempts_max=2 wait_ms_mean=29.98 drain_ms_mean=0.19
    daemons: cpu%=4.411 shadowfs=1.038/71.371MB shadowproc=1.384/7.32MB orchestrator=1.989/36.566MB wall=11.564773
  D7 scc nodes=4 decision=publish wall=22.6s
    peak  : epochs=4 edges=4 versions=4 objects=4 scc=1 cyclic=1 max_scc=4 heap=51.1MB
    work  : edges=40 invocations=80 edges/inv=0.50 scc_sweeps=180 scc_us/sweep=4.1 affected_q=50 affected_us/q=4.1 prepare=70 finalize=274 finalized_nodes=60
    undo  : rollbacks=0 rollback_us/call=0.0 rollback_nodes=0 toctou_rejected=0 orch_revalidations=0 cascaded_mean=-
    publish: parked=30 attempts_max=2 wait_ms_mean=46.99 drain_ms_mean=0.18
    daemons: cpu%=4.33 shadowfs=0.884/71.375MB shadowproc=1.281/7.336MB orchestrator=2.165/36.676MB wall=22.635253
  D7 scc nodes=8 decision=publish wall=44.9s
    peak  : epochs=8 edges=8 versions=8 objects=8 scc=1 cyclic=1 max_scc=8 heap=43.8MB
    work  : edges=80 invocations=160 edges/inv=0.50 scc_sweeps=120 scc_us/sweep=10.2 affected_q=90 affected_us/q=4.8 prepare=150 finalize=1529 finalized_nodes=80
    undo  : rollbacks=0 rollback_us/call=0.0 rollback_nodes=0 toctou_rejected=0 orch_revalidations=0 cascaded_mean=-
    publish: parked=70 attempts_max=2 wait_ms_mean=70.78 drain_ms_mean=0.20
    daemons: cpu%=4.786 shadowfs=1.091/72.09MB shadowproc=1.291/7.344MB orchestrator=2.404/37.039MB wall=44.924553
  D7 scc nodes=16 decision=publish wall=89.6s
    peak  : epochs=16 edges=16 versions=16 objects=16 scc=1 cyclic=1 max_scc=16 heap=70.3MB
    work  : edges=160 invocations=320 edges/inv=0.50 scc_sweeps=200 scc_us/sweep=16.3 affected_q=170 affected_us/q=9.7 prepare=310 finalize=6865 finalized_nodes=160
    undo  : rollbacks=0 rollback_us/call=0.0 rollback_nodes=0 toctou_rejected=0 orch_revalidations=0 cascaded_mean=-
    publish: parked=150 attempts_max=2 wait_ms_mean=138.30 drain_ms_mean=0.19
    daemons: cpu%=6.005 shadowfs=1.496/84.496MB shadowproc=1.328/7.359MB orchestrator=3.181/38.066MB wall=89.58231
  D7 scc nodes=32 decision=publish wall=539.2s
    peak  : epochs=36 edges=32 versions=32 objects=32 scc=5 cyclic=1 max_scc=32 heap=69.6MB
    work  : edges=320 invocations=640 edges/inv=0.50 scc_sweeps=380 scc_us/sweep=23.6 affected_q=330 affected_us/q=16.1 prepare=630 finalize=93020 finalized_nodes=324
    undo  : rollbacks=0 rollback_us/call=0.0 rollback_nodes=0 toctou_rejected=0 orch_revalidations=0 cascaded_mean=-
    publish: parked=310 attempts_max=2 wait_ms_mean=282.37 drain_ms_mean=36000.95
    daemons: cpu%=9.85 shadowfs=3.37/93.988MB shadowproc=1.048/7.371MB orchestrator=5.432/41.094MB wall=539.198813
    errors: 7 (first: rep=3: scc member not published: continue_pid: Process 229869 is not in frozen list decision=None)

[done] Dependency graph scalability experiment complete.

清理守护进程...

══════════════════════════════════════════════════════════
  RQ3 实验完成 (exit=0)
  结果: /home/xht/桌面/penumbra-work/RQ2/speculative_shadow/experiments/rq3/results/
══════════════════════════════════════════════════════════
